timestamp,os,hostname,kernel_release,cpu_model,cpu_governor,fs_type,perf_event_paranoid,total_cores,active_cores,workload_type,intensity_pct,warmup_s,measure_s,cooldown_s,num_procs,unit_label,unit_latency_us,unit_std_us,latency_us,std_us,io_cycle_latency_us,io_cycle_std_us,throughput_value,throughput_unit,slowdown_vs_baseline,raw_ops,raw_total_latency_ns,baseline_latency_us,perf_cycles,perf_instructions,perf_ipc,perf_cache_miss_rate,perf_branch_miss_rate,perf_context_switches,perf_cpu_migrations,perf_page_faults,perf_scope,method,sched_contention
2026-05-09T02:50:23,Linux,shrinithi-Yoga-7-2-in-1-14IML9,6.14.0-37-generic,Intel(R) Core(TM) Ultra 7 155U,powersave,ext2/ext3,1,14,1,cpu,25,0,5,0,1,time/op,0.056562,0.000329,0.056562,0.000329,0.000000,0.000000,17679784.638454,ops/s,1.000000,23000000,1300920824,0.056562,1554551028,3600352136,2.316008,0.253934,0.000061,33,0,7,full_run,measured_unit,0.000000
2026-05-09T02:50:28,Linux,shrinithi-Yoga-7-2-in-1-14IML9,6.14.0-37-generic,Intel(R) Core(TM) Ultra 7 155U,powersave,ext2/ext3,1,14,1,cpu,25,0,5,0,1,time/op,0.056905,0.001290,0.056905,0.001290,0.000000,0.000000,17573287.323932,ops/s,1.006056,22000000,1251900091,0.056562,1495097764,3444122133,2.303610,0.291238,0.000063,31,1,81,full_run,measured_unit,0.000000
2026-05-09T02:50:34,Linux,shrinithi-Yoga-7-2-in-1-14IML9,6.14.0-37-generic,Intel(R) Core(TM) Ultra 7 155U,powersave,ext2/ext3,1,14,1,cpu,25,0,5,0,1,time/op,0.056658,0.000280,0.056658,0.000280,0.000000,0.000000,17649725.746744,ops/s,0.998671,23000000,1303136396,0.056733,1558864831,3600789827,2.309879,0.320238,0.000062,31,1,43,full_run,measured_unit,0.000000
2026-05-09T02:50:39,Linux,shrinithi-Yoga-7-2-in-1-14IML9,6.14.0-37-generic,Intel(R) Core(TM) Ultra 7 155U,powersave,ext2/ext3,1,14,1,cpu,25,0,5,0,1,time/op,0.056943,0.001253,0.056943,0.001253,0.000000,0.000000,17561422.107550,ops/s,1.004138,22000000,1252745926,0.056708,1494396580,3444370451,2.304857,0.284244,0.000066,34,1,64,full_run,measured_unit,0.000000
2026-05-09T02:50:44,Linux,shrinithi-Yoga-7-2-in-1-14IML9,6.14.0-37-generic,Intel(R) Core(TM) Ultra 7 155U,powersave,ext2/ext3,1,14,1,cpu,25,0,5,0,1,time/op,0.056858,0.000814,0.056858,0.000814,0.000000,0.000000,17587699.317869,ops/s,1.001602,22000000,1250874239,0.056767,1491305692,3444223798,2.309536,0.325742,0.000065,34,1,61,full_run,measured_unit,0.000000
2026-05-09T02:50:49,Linux,shrinithi-Yoga-7-2-in-1-14IML9,6.14.0-37-generic,Intel(R) Core(TM) Ultra 7 155U,powersave,ext2/ext3,1,14,1,cpu,50,0,5,0,1,time/op,0.056562,0.000290,0.056562,0.000290,0.000000,0.000000,17679637.993775,ops/s,0.996074,45000000,2545300985,0.056785,3041157746,7044842368,2.316500,0.264386,0.000061,67,1,50,full_run,measured_unit,0.000000
2026-05-09T02:50:54,Linux,shrinithi-Yoga-7-2-in-1-14IML9,6.14.0-37-generic,Intel(R) Core(TM) Ultra 7 155U,powersave,ext2/ext3,1,14,1,cpu,50,0,5,0,1,time/op,0.056605,0.000245,0.056605,0.000245,0.000000,0.000000,17666195.102397,ops/s,0.996832,45000000,2547237803,0.056785,3042557076,7045536933,2.315663,0.270500,0.000064,76,1,46,full_run,measured_unit,0.000000
2026-05-09T02:50:59,Linux,shrinithi-Yoga-7-2-in-1-14IML9,6.14.0-37-generic,Intel(R) Core(TM) Ultra 7 155U,powersave,ext2/ext3,1,14,1,cpu,50,0,5,0,1,time/op,0.057011,0.001342,0.057011,0.001342,0.000000,0.000000,17540493.895508,ops/s,1.003975,44000000,2508481247,0.056785,2993500508,6887749425,2.300901,0.286534,0.000064,69,1,42,full_run,measured_unit,0.000000
2026-05-09T02:51:04,Linux,shrinithi-Yoga-7-2-in-1-14IML9,6.14.0-37-generic,Intel(R) Core(TM) Ultra 7 155U,powersave,ext2/ext3,1,14,1,cpu,50,0,5,0,1,time/op,0.056692,0.000283,0.056692,0.000283,0.000000,0.000000,17639263.832239,ops/s,0.998354,45000000,2551126874,0.056785,3048589661,7044971288,2.310895,0.303436,0.000062,68,1,80,full_run,measured_unit,0.000000
2026-05-09T02:51:09,Linux,shrinithi-Yoga-7-2-in-1-14IML9,6.14.0-37-generic,Intel(R) Core(TM) Ultra 7 155U,powersave,ext2/ext3,1,14,1,cpu,50,0,5,0,1,time/op,0.056673,0.000471,0.056673,0.000471,0.000000,0.000000,17645139.032403,ops/s,0.998021,45000000,2550277440,0.056785,3046547480,7045462194,2.312605,0.289720,0.000063,69,1,44,full_run,measured_unit,0.000000
2026-05-09T02:51:14,Linux,shrinithi-Yoga-7-2-in-1-14IML9,6.14.0-37-generic,Intel(R) Core(TM) Ultra 7 155U,powersave,ext2/ext3,1,14,1,cpu,75,0,5,0,1,time/op,0.056623,0.000314,0.056623,0.000314,0.000000,0.000000,17660566.634288,ops/s,0.997149,67000000,3793762759,0.056785,4533681043,10488936791,2.313559,0.260536,0.000060,103,1,34,full_run,measured_unit,0.000000
2026-05-09T02:51:19,Linux,shrinithi-Yoga-7-2-in-1-14IML9,6.14.0-37-generic,Intel(R) Core(TM) Ultra 7 155U,powersave,ext2/ext3,1,14,1,cpu,75,0,5,0,1,time/op,0.056659,0.000351,0.056659,0.000351,0.000000,0.000000,17649579.995526,ops/s,0.997770,67000000,3796124328,0.056785,4534236200,10488551250,2.313190,0.241386,0.000059,103,1,23,full_run,measured_unit,0.000000
2026-05-09T02:51:24,Linux,shrinithi-Yoga-7-2-in-1-14IML9,6.14.0-37-generic,Intel(R) Core(TM) Ultra 7 155U,powersave,ext2/ext3,1,14,1,cpu,75,0,5,0,1,time/op,0.056860,0.000720,0.056860,0.000720,0.000000,0.000000,17586905.395232,ops/s,1.001326,66000000,3752792121,0.056785,4482393355,10332208073,2.305065,0.260674,0.000061,98,0,10,full_run,measured_unit,0.000000
2026-05-09T02:51:29,Linux,shrinithi-Yoga-7-2-in-1-14IML9,6.14.0-37-generic,Intel(R) Core(TM) Ultra 7 155U,powersave,ext2/ext3,1,14,1,cpu,75,0,5,0,1,time/op,0.057224,0.001926,0.057224,0.001926,0.000000,0.000000,17475058.416400,ops/s,1.007735,66000000,3776811409,0.056785,4509346402,10332410698,2.291332,0.246653,0.000063,101,1,81,full_run,measured_unit,0.000000
2026-05-09T02:51:34,Linux,shrinithi-Yoga-7-2-in-1-14IML9,6.14.0-37-generic,Intel(R) Core(TM) Ultra 7 155U,powersave,ext2/ext3,1,14,1,cpu,75,0,5,0,1,time/op,0.056665,0.000517,0.056665,0.000517,0.000000,0.000000,17647584.801773,ops/s,0.997883,66000000,3739888531,0.056785,4468461645,10332530708,2.312324,0.274067,0.000060,100,1,57,full_run,measured_unit,0.000000
2026-05-09T02:51:40,Linux,shrinithi-Yoga-7-2-in-1-14IML9,6.14.0-37-generic,Intel(R) Core(TM) Ultra 7 155U,powersave,ext2/ext3,1,14,1,memory,25,0,5,0,1,time/access,0.017027,0.000114,0.017027,0.000114,0.000000,0.000000,58729222.153501,access/s,1.000000,300000000,5108189569,0.017027,5945931962,4257651345,0.716061,0.654904,0.000251,76,1,32822,full_run,measured_unit,0.000000
2026-05-09T02:51:45,Linux,shrinithi-Yoga-7-2-in-1-14IML9,6.14.0-37-generic,Intel(R) Core(TM) Ultra 7 155U,powersave,ext2/ext3,1,14,1,memory,25,0,5,0,1,time/access,0.017076,0.000106,0.017076,0.000106,0.000000,0.000000,58561888.981099,access/s,1.002875,300000000,5122785573,0.017027,5945114585,4254919001,0.715700,0.678939,0.000239,90,1,32812,full_run,measured_unit,0.000000
2026-05-09T02:51:50,Linux,shrinithi-Yoga-7-2-in-1-14IML9,6.14.0-37-generic,Intel(R) Core(TM) Ultra 7 155U,powersave,ext2/ext3,1,14,1,memory,25,0,5,0,1,time/access,0.017004,0.000090,0.017004,0.000090,0.000000,0.000000,58809843.288817,access/s,0.997212,300000000,5101186863,0.017052,5935600252,4255811230,0.716998,0.651561,0.000232,72,1,32832,full_run,measured_unit,0.000000
2026-05-09T02:51:56,Linux,shrinithi-Yoga-7-2-in-1-14IML9,6.14.0-37-generic,Intel(R) Core(TM) Ultra 7 155U,powersave,ext2/ext3,1,14,1,memory,25,0,5,0,1,time/access,0.016979,0.000128,0.016979,0.000128,0.000000,0.000000,58894751.273303,access/s,0.996700,300000000,5093832532,0.017036,5960794691,4255491443,0.713913,0.692918,0.000247,81,2,32831,full_run,measured_unit,0.000000
2026-05-09T02:52:01,Linux,shrinithi-Yoga-7-2-in-1-14IML9,6.14.0-37-generic,Intel(R) Core(TM) Ultra 7 155U,powersave,ext2/ext3,1,14,1,memory,25,0,5,0,1,time/access,0.017127,0.000181,0.017127,0.000181,0.000000,0.000000,58389045.744684,access/s,1.006169,290000000,4966685040,0.017022,5774586107,4122606724,0.713922,0.656673,0.000233,83,1,32827,full_run,measured_unit,0.000000
2026-05-09T02:52:06,Linux,shrinithi-Yoga-7-2-in-1-14IML9,6.14.0-37-generic,Intel(R) Core(TM) Ultra 7 155U,powersave,ext2/ext3,1,14,1,memory,50,0,5,0,1,time/access,0.017051,0.000110,0.017051,0.000110,0.000000,0.000000,58647967.239316,access/s,1.000486,300000000,5115266805,0.017043,6104528004,4566719082,0.748087,0.655169,0.000249,79,0,65571,full_run,measured_unit,0.000000
2026-05-09T02:52:12,Linux,shrinithi-Yoga-7-2-in-1-14IML9,6.14.0-37-generic,Intel(R) Core(TM) Ultra 7 155U,powersave,ext2/ext3,1,14,1,memory,50,0,5,0,1,time/access,0.017042,0.000111,0.017042,0.000111,0.000000,0.000000,58677857.178705,access/s,0.999977,300000000,5112661137,0.017043,6096285532,4566657257,0.749088,0.661180,0.000269,85,2,65600,full_run,measured_unit,0.000000
2026-05-09T02:52:17,Linux,shrinithi-Yoga-7-2-in-1-14IML9,6.14.0-37-generic,Intel(R) Core(TM) Ultra 7 155U,powersave,ext2/ext3,1,14,1,memory,50,0,5,0,1,time/access,0.017035,0.000131,0.017035,0.000131,0.000000,0.000000,58704159.338211,access/s,0.999529,300000000,5110370430,0.017043,6107082352,4566239831,0.747696,0.643177,0.000272,91,1,65568,full_run,measured_unit,0.000000
2026-05-09T02:52:22,Linux,shrinithi-Yoga-7-2-in-1-14IML9,6.14.0-37-generic,Intel(R) Core(TM) Ultra 7 155U,powersave,ext2/ext3,1,14,1,memory,50,0,5,0,1,time/access,0.017063,0.000113,0.017063,0.000113,0.000000,0.000000,58606259.632030,access/s,1.001198,300000000,5118907125,0.017043,6119688917,4566098338,0.746132,0.636928,0.000282,83,1,65583,full_run,measured_unit,0.000000
2026-05-09T02:52:28,Linux,shrinithi-Yoga-7-2-in-1-14IML9,6.14.0-37-generic,Intel(R) Core(TM) Ultra 7 155U,powersave,ext2/ext3,1,14,1,memory,50,0,5,0,1,time/access,0.017103,0.000156,0.017103,0.000156,0.000000,0.000000,58468727.291106,access/s,1.003553,300000000,5130948011,0.017043,6120917312,4567456950,0.746205,0.655230,0.000284,82,0,65604,full_run,measured_unit,0.000000
2026-05-09T02:52:33,Linux,shrinithi-Yoga-7-2-in-1-14IML9,6.14.0-37-generic,Intel(R) Core(TM) Ultra 7 155U,powersave,ext2/ext3,1,14,1,memory,75,0,5,0,1,time/access,0.017158,0.000133,0.017158,0.000133,0.000000,0.000000,58283197.543974,access/s,1.006748,290000000,4975705044,0.017043,6078798275,4747164359,0.780938,0.687980,0.000303,90,0,98296,full_run,measured_unit,0.000000
2026-05-09T02:52:39,Linux,shrinithi-Yoga-7-2-in-1-14IML9,6.14.0-37-generic,Intel(R) Core(TM) Ultra 7 155U,powersave,ext2/ext3,1,14,1,memory,75,0,5,0,1,time/access,0.016990,0.000123,0.016990,0.000123,0.000000,0.000000,58857117.541519,access/s,0.996931,300000000,5097089571,0.017043,6254676622,4878433854,0.779966,0.624734,0.000308,73,1,98359,full_run,measured_unit,0.000000
2026-05-09T02:52:44,Linux,shrinithi-Yoga-7-2-in-1-14IML9,6.14.0-37-generic,Intel(R) Core(TM) Ultra 7 155U,powersave,ext2/ext3,1,14,1,memory,75,0,5,0,1,time/access,0.016994,0.000115,0.016994,0.000115,0.000000,0.000000,58844015.436527,access/s,0.997153,300000000,5098224480,0.017043,6257392503,4877959303,0.779551,0.620283,0.000294,88,1,98339,full_run,measured_unit,0.000000
2026-05-09T02:52:50,Linux,shrinithi-Yoga-7-2-in-1-14IML9,6.14.0-37-generic,Intel(R) Core(TM) Ultra 7 155U,powersave,ext2/ext3,1,14,1,memory,75,0,5,0,1,time/access,0.017024,0.000120,0.017024,0.000120,0.000000,0.000000,58739276.914203,access/s,0.998931,300000000,5107315169,0.017043,6253923931,4877144002,0.779853,0.651196,0.000281,85,1,98351,full_run,measured_unit,0.000000
2026-05-09T02:52:56,Linux,shrinithi-Yoga-7-2-in-1-14IML9,6.14.0-37-generic,Intel(R) Core(TM) Ultra 7 155U,powersave,ext2/ext3,1,14,1,memory,75,0,5,0,1,time/access,0.017028,0.000107,0.017028,0.000107,0.000000,0.000000,58725222.629110,access/s,0.999170,300000000,5108537466,0.017043,6255416919,4876927355,0.779633,0.652804,0.000298,82,1,98371,full_run,measured_unit,0.000000
2026-05-09T02:53:01,Linux,shrinithi-Yoga-7-2-in-1-14IML9,6.14.0-37-generic,Intel(R) Core(TM) Ultra 7 155U,powersave,ext2/ext3,1,14,1,io,25,0,5,0,1,time/cycle,15.899485,11.040951,15.899485,11.040951,15.899485,11.040951,3922.014886,MB/s,1.000000,20573061120,5002530732,15.899485,10956258034,25999023496,2.372984,0.351177,0.002836,827,1,61,full_run,measured_unit,0.000000
2026-05-09T02:53:06,Linux,shrinithi-Yoga-7-2-in-1-14IML9,6.14.0-37-generic,Intel(R) Core(TM) Ultra 7 155U,powersave,ext2/ext3,1,14,1,io,25,0,5,0,1,time/cycle,8.797611,4.773130,8.797611,4.773130,8.797611,4.773130,7087.733150,MB/s,0.553327,37161533440,5000188248,15.899485,19786032528,46866869952,2.368685,0.295569,0.002779,761,0,10,full_run,measured_unit,0.000000
2026-05-09T02:53:11,Linux,shrinithi-Yoga-7-2-in-1-14IML9,6.14.0-37-generic,Intel(R) Core(TM) Ultra 7 155U,powersave,ext2/ext3,1,14,1,io,25,0,5,0,1,time/cycle,8.185274,4.171200,8.185274,4.171200,8.185274,4.171200,7609.506868,MB/s,0.662853,39908802560,5001638169,12.348548,21281156940,50336676337,2.365317,0.311718,0.002757,849,1,82,full_run,measured_unit,0.000000
2026-05-09T02:53:16,Linux,shrinithi-Yoga-7-2-in-1-14IML9,6.14.0-37-generic,Intel(R) Core(TM) Ultra 7 155U,powersave,ext2/ext3,1,14,1,io,25,0,5,0,1,time/cycle,8.216482,4.400689,8.216482,4.400689,8.216482,4.400689,7589.588979,MB/s,0.749625,39803944960,5001588374,10.960790,21152575794,50193895046,2.372945,0.297956,0.002843,754,0,10,full_run,measured_unit,0.000000
2026-05-09T02:53:21,Linux,shrinithi-Yoga-7-2-in-1-14IML9,6.14.0-37-generic,Intel(R) Core(TM) Ultra 7 155U,powersave,ext2/ext3,1,14,1,io,25,0,5,0,1,time/cycle,8.239706,4.272169,8.239706,4.272169,8.239706,4.272169,7567.997851,MB/s,0.801940,39678115840,5000001420,10.274713,21014163067,50043522101,2.381419,0.303746,0.002811,796,1,50,full_run,measured_unit,0.000000
2026-05-09T02:53:26,Linux,shrinithi-Yoga-7-2-in-1-14IML9,6.14.0-37-generic,Intel(R) Core(TM) Ultra 7 155U,powersave,ext2/ext3,1,14,1,io,50,0,5,0,1,time/cycle,13.848929,4.295510,13.848929,4.295510,13.848929,4.295510,9013.475228,MB/s,1.403459,47269806080,5001400554,9.867712,20650365054,50471916920,2.444117,0.371350,0.002017,743,1,25,full_run,measured_unit,0.000000
2026-05-09T02:53:31,Linux,shrinithi-Yoga-7-2-in-1-14IML9,6.14.0-37-generic,Intel(R) Core(TM) Ultra 7 155U,powersave,ext2/ext3,1,14,1,io,50,0,5,0,1,time/cycle,15.520783,6.094748,15.520783,6.094748,15.520783,6.094748,8042.491664,MB/s,1.572886,42173726720,5000937729,9.867712,18540148428,45046848787,2.429692,0.368472,0.001956,788,1,79,full_run,measured_unit,0.000000
2026-05-09T02:53:36,Linux,shrinithi-Yoga-7-2-in-1-14IML9,6.14.0-37-generic,Intel(R) Core(TM) Ultra 7 155U,powersave,ext2/ext3,1,14,1,io,50,0,5,0,1,time/cycle,13.775750,3.977407,13.775750,3.977407,13.775750,3.977407,9061.355313,MB/s,1.396043,47521464320,5001459322,9.867712,20759134447,50747763965,2.444599,0.357706,0.002029,803,1,77,full_run,measured_unit,0.000000
2026-05-09T02:53:41,Linux,shrinithi-Yoga-7-2-in-1-14IML9,6.14.0-37-generic,Intel(R) Core(TM) Ultra 7 155U,powersave,ext2/ext3,1,14,1,io,50,0,5,0,1,time/cycle,14.647197,4.728573,14.647197,4.728573,14.647197,4.728573,8522.257422,MB/s,1.484356,44690309120,5001022369,9.867712,19517485188,47727830221,2.445388,0.377774,0.001976,806,1,51,full_run,measured_unit,0.000000
2026-05-09T02:53:46,Linux,shrinithi-Yoga-7-2-in-1-14IML9,6.14.0-37-generic,Intel(R) Core(TM) Ultra 7 155U,powersave,ext2/ext3,1,14,1,io,50,0,5,0,1,time/cycle,14.021524,3.670204,14.021524,3.670204,14.021524,3.670204,8902.479508,MB/s,1.420950,46682603520,5000853971,9.867712,20215109887,49859430481,2.466444,0.350572,0.002029,890,1,25,full_run,measured_unit,0.000000
2026-05-09T02:53:51,Linux,shrinithi-Yoga-7-2-in-1-14IML9,6.14.0-37-generic,Intel(R) Core(TM) Ultra 7 155U,powersave,ext2/ext3,1,14,1,io,75,0,5,0,1,time/cycle,20.333813,5.630747,20.333813,5.630747,20.333813,5.630747,9211.777238,MB/s,2.060641,48301080576,5000500860,9.867712,19358409954,48472148794,2.503932,0.344572,0.001656,788,1,41,full_run,measured_unit,0.000000
2026-05-09T02:53:56,Linux,shrinithi-Yoga-7-2-in-1-14IML9,6.14.0-37-generic,Intel(R) Core(TM) Ultra 7 155U,powersave,ext2/ext3,1,14,1,io,75,0,5,0,1,time/cycle,19.363425,4.152995,19.363425,4.152995,19.363425,4.152995,9673.078600,MB/s,1.962301,50720342016,5000547344,9.867712,20367090520,50891474262,2.498711,0.349165,0.001681,754,1,60,full_run,measured_unit,0.000000
2026-05-09T02:54:01,Linux,shrinithi-Yoga-7-2-in-1-14IML9,6.14.0-37-generic,Intel(R) Core(TM) Ultra 7 155U,powersave,ext2/ext3,1,14,1,io,75,0,5,0,1,time/cycle,19.870175,4.744244,19.870175,4.744244,19.870175,4.744244,9426.567225,MB/s,2.013656,49437081600,5001489288,9.867712,20024555424,49611783898,2.477547,0.373155,0.001624,791,1,66,full_run,measured_unit,0.000000
2026-05-09T02:54:06,Linux,shrinithi-Yoga-7-2-in-1-14IML9,6.14.0-37-generic,Intel(R) Core(TM) Ultra 7 155U,powersave,ext2/ext3,1,14,1,io,75,0,5,0,1,time/cycle,19.913690,5.069137,19.913690,5.069137,19.913690,5.069137,9406.146709,MB/s,2.018066,49331896320,5001682831,9.867712,19852413907,49498143885,2.493306,0.377821,0.001598,718,1,75,full_run,measured_unit,0.000000
2026-05-09T02:54:11,Linux,shrinithi-Yoga-7-2-in-1-14IML9,6.14.0-37-generic,Intel(R) Core(TM) Ultra 7 155U,powersave,ext2/ext3,1,14,1,io,75,0,5,0,1,time/cycle,19.815863,4.782397,19.815863,4.782397,19.815863,4.782397,9452.561393,MB/s,2.008152,49563303936,5000470035,9.867712,19919376700,49737321056,2.496932,0.333633,0.001713,774,1,63,full_run,measured_unit,0.000000
2026-05-09T02:54:16,Linux,shrinithi-Yoga-7-2-in-1-14IML9,6.14.0-37-generic,Intel(R) Core(TM) Ultra 7 155U,powersave,ext2/ext3,1,14,1,mixed,25,0,5,0,1,time/mixed-op,0.019520,0.012721,0.019520,0.012721,0.000000,0.000000,51230753.326408,mixed-op/s,1.000000,328000000,6402404390,0.019520,7801683613,7204751976,0.923487,0.627849,0.000135,81,2,32810,full_run,measured_unit,0.000000
2026-05-09T02:54:21,Linux,shrinithi-Yoga-7-2-in-1-14IML9,6.14.0-37-generic,Intel(R) Core(TM) Ultra 7 155U,powersave,ext2/ext3,1,14,1,mixed,25,0,5,0,1,time/mixed-op,0.019951,0.013016,0.019951,0.013016,0.000000,0.000000,50123480.918732,mixed-op/s,1.022066,317000000,6324381192,0.019520,7514169223,6919164765,0.920816,0.636392,0.000139,84,2,32833,full_run,measured_unit,0.000000
2026-05-09T02:54:27,Linux,shrinithi-Yoga-7-2-in-1-14IML9,6.14.0-37-generic,Intel(R) Core(TM) Ultra 7 155U,powersave,ext2/ext3,1,14,1,mixed,25,0,5,0,1,time/mixed-op,0.019893,0.012984,0.019893,0.012984,0.000000,0.000000,50267717.976926,mixed-op/s,1.008005,317000000,6306234155,0.019735,7495875588,6917996994,0.922907,0.637079,0.000135,76,2,32833,full_run,measured_unit,0.000000
2026-05-09T02:54:32,Linux,shrinithi-Yoga-7-2-in-1-14IML9,6.14.0-37-generic,Intel(R) Core(TM) Ultra 7 155U,powersave,ext2/ext3,1,14,1,mixed,25,0,5,0,1,time/mixed-op,0.019889,0.012986,0.019889,0.012986,0.000000,0.000000,50279766.924971,mixed-op/s,1.005090,317000000,6304722941,0.019788,7491328785,6917138975,0.923353,0.633296,0.000142,89,2,32819,full_run,measured_unit,0.000000
2026-05-09T02:54:37,Linux,shrinithi-Yoga-7-2-in-1-14IML9,6.14.0-37-generic,Intel(R) Core(TM) Ultra 7 155U,powersave,ext2/ext3,1,14,1,mixed,25,0,5,0,1,time/mixed-op,0.019918,0.012988,0.019918,0.012988,0.000000,0.000000,50206383.745938,mixed-op/s,1.005276,317000000,6313938116,0.019813,7499654821,6917136939,0.922327,0.635647,0.000140,89,2,32852,full_run,measured_unit,0.000000
2026-05-09T02:54:42,Linux,shrinithi-Yoga-7-2-in-1-14IML9,6.14.0-37-generic,Intel(R) Core(TM) Ultra 7 155U,powersave,ext2/ext3,1,14,1,mixed,50,0,5,0,1,time/mixed-op,0.022513,0.017432,0.022513,0.017432,0.000000,0.000000,44418867.103234,mixed-op/s,1.135057,334000000,7519327299,0.019834,9191939195,9892924010,1.076261,0.648579,0.000109,112,1,65566,full_run,measured_unit,0.000000
2026-05-09T02:54:48,Linux,shrinithi-Yoga-7-2-in-1-14IML9,6.14.0-37-generic,Intel(R) Core(TM) Ultra 7 155U,powersave,ext2/ext3,1,14,1,mixed,50,0,5,0,1,time/mixed-op,0.022534,0.017465,0.022534,0.017465,0.000000,0.000000,44378307.249418,mixed-op/s,1.136095,334000000,7526199639,0.019834,9199561533,9893205628,1.075400,0.641741,0.000108,119,2,65614,full_run,measured_unit,0.000000
2026-05-09T02:54:53,Linux,shrinithi-Yoga-7-2-in-1-14IML9,6.14.0-37-generic,Intel(R) Core(TM) Ultra 7 155U,powersave,ext2/ext3,1,14,1,mixed,50,0,5,0,1,time/mixed-op,0.022541,0.017434,0.022541,0.017434,0.000000,0.000000,44363580.841106,mixed-op/s,1.136472,334000000,7528697947,0.019834,9204677402,9894237337,1.074914,0.652504,0.000113,113,2,65625,full_run,measured_unit,0.000000
2026-05-09T02:54:58,Linux,shrinithi-Yoga-7-2-in-1-14IML9,6.14.0-37-generic,Intel(R) Core(TM) Ultra 7 155U,powersave,ext2/ext3,1,14,1,mixed,50,0,5,0,1,time/mixed-op,0.022525,0.017395,0.022525,0.017395,0.000000,0.000000,44395409.764574,mixed-op/s,1.135657,334000000,7523300309,0.019834,9199655820,9891958646,1.075253,0.651319,0.000106,107,2,65595,full_run,measured_unit,0.000000
2026-05-09T02:55:04,Linux,shrinithi-Yoga-7-2-in-1-14IML9,6.14.0-37-generic,Intel(R) Core(TM) Ultra 7 155U,powersave,ext2/ext3,1,14,1,mixed,50,0,5,0,1,time/mixed-op,0.022498,0.017377,0.022498,0.017377,0.000000,0.000000,44449071.501110,mixed-op/s,1.134286,334000000,7514217704,0.019834,9186248303,9891786722,1.076804,0.654026,0.000107,115,2,65579,full_run,measured_unit,0.000000
2026-05-09T02:55:09,Linux,shrinithi-Yoga-7-2-in-1-14IML9,6.14.0-37-generic,Intel(R) Core(TM) Ultra 7 155U,powersave,ext2/ext3,1,14,1,mixed,75,0,5,0,1,time/mixed-op,0.024638,0.019981,0.024638,0.019981,0.000000,0.000000,40588143.557837,mixed-op/s,1.242185,361000000,8894223001,0.019834,11116867404,13000724400,1.169459,0.662863,0.000107,148,2,98350,full_run,measured_unit,0.000000
2026-05-09T02:55:15,Linux,shrinithi-Yoga-7-2-in-1-14IML9,6.14.0-37-generic,Intel(R) Core(TM) Ultra 7 155U,powersave,ext2/ext3,1,14,1,mixed,75,0,5,0,1,time/mixed-op,0.024668,0.020082,0.024668,0.020082,0.000000,0.000000,40538064.665418,mixed-op/s,1.243719,361000000,8905210522,0.019834,11112804692,13001820699,1.169986,0.643755,0.000095,151,2,98381,full_run,measured_unit,0.000000
2026-05-09T02:55:21,Linux,shrinithi-Yoga-7-2-in-1-14IML9,6.14.0-37-generic,Intel(R) Core(TM) Ultra 7 155U,powersave,ext2/ext3,1,14,1,mixed,75,0,5,0,1,time/mixed-op,0.024650,0.020105,0.024650,0.020105,0.000000,0.000000,40568020.704857,mixed-op/s,1.242801,361000000,8898634780,0.019834,11119260960,13000596919,1.169196,0.633812,0.000103,142,3,98391,full_run,measured_unit,0.000000
2026-05-09T02:55:26,Linux,shrinithi-Yoga-7-2-in-1-14IML9,6.14.0-37-generic,Intel(R) Core(TM) Ultra 7 155U,powersave,ext2/ext3,1,14,1,mixed,75,0,5,0,1,time/mixed-op,0.024688,0.020130,0.024688,0.020130,0.000000,0.000000,40505763.145057,mixed-op/s,1.244711,361000000,8912312026,0.019834,11140322884,13000818389,1.167006,0.632586,0.000102,146,2,98355,full_run,measured_unit,0.000000
2026-05-09T02:55:32,Linux,shrinithi-Yoga-7-2-in-1-14IML9,6.14.0-37-generic,Intel(R) Core(TM) Ultra 7 155U,powersave,ext2/ext3,1,14,1,mixed,75,0,5,0,1,time/mixed-op,0.024674,0.020093,0.024674,0.020093,0.000000,0.000000,40528226.169339,mixed-op/s,1.244021,361000000,8907372321,0.019834,11134647057,13000711887,1.167591,0.636282,0.000104,143,2,98386,full_run,measured_unit,0.000000
2026-05-09T02:55:37,Linux,shrinithi-Yoga-7-2-in-1-14IML9,6.14.0-37-generic,Intel(R) Core(TM) Ultra 7 155U,powersave,ext2/ext3,1,14,2,cpu,25,0,5,0,2,time/op,0.081075,0.000353,0.081075,0.000353,0.000000,0.000000,12334328.760303,ops/s,1.427741,32000000,2594385201,0.056785,3101590778,5016515833,1.617401,0.280787,0.000070,51,3,147,full_run,measured_unit,0.000000
2026-05-09T02:55:43,Linux,shrinithi-Yoga-7-2-in-1-14IML9,6.14.0-37-generic,Intel(R) Core(TM) Ultra 7 155U,powersave,ext2/ext3,1,14,2,cpu,25,0,5,0,2,time/op,0.080739,0.000253,0.080739,0.000253,0.000000,0.000000,12385549.304486,ops/s,1.421836,32000000,2583656099,0.056785,3090282522,5016831638,1.623422,0.226034,0.000076,51,4,142,full_run,measured_unit,0.000000
2026-05-09T02:55:48,Linux,shrinithi-Yoga-7-2-in-1-14IML9,6.14.0-37-generic,Intel(R) Core(TM) Ultra 7 155U,powersave,ext2/ext3,1,14,2,cpu,25,0,5,0,2,time/op,0.080845,0.000448,0.080845,0.000448,0.000000,0.000000,12369401.104186,ops/s,1.423692,32000000,2587029051,0.056785,3095114932,5016445606,1.620762,0.236825,0.000071,54,3,133,full_run,measured_unit,0.000000
2026-05-09T02:55:53,Linux,shrinithi-Yoga-7-2-in-1-14IML9,6.14.0-37-generic,Intel(R) Core(TM) Ultra 7 155U,powersave,ext2/ext3,1,14,2,cpu,25,0,5,0,2,time/op,0.080590,0.000566,0.080590,0.000566,0.000000,0.000000,12408462.799014,ops/s,1.419211,32000000,2578885114,0.056785,3083860152,5016156413,1.626584,0.226365,0.000067,57,2,139,full_run,measured_unit,0.000000
2026-05-09T02:55:58,Linux,shrinithi-Yoga-7-2-in-1-14IML9,6.14.0-37-generic,Intel(R) Core(TM) Ultra 7 155U,powersave,ext2/ext3,1,14,2,cpu,25,0,5,0,2,time/op,0.080645,0.000368,0.080645,0.000368,0.000000,0.000000,12400056.777535,ops/s,1.420173,32000000,2580633345,0.056785,3086941890,5015647244,1.624795,0.223475,0.000066,45,2,140,full_run,measured_unit,0.000000
2026-05-09T02:56:03,Linux,shrinithi-Yoga-7-2-in-1-14IML9,6.14.0-37-generic,Intel(R) Core(TM) Ultra 7 155U,powersave,ext2/ext3,1,14,2,cpu,50,0,5,0,2,time/op,0.080639,0.000358,0.080639,0.000358,0.000000,0.000000,12400884.088789,ops/s,1.420078,62000000,4999643538,0.056785,5980792853,9717945678,1.624859,0.261362,0.000063,91,2,120,full_run,measured_unit,0.000000
2026-05-09T02:56:08,Linux,shrinithi-Yoga-7-2-in-1-14IML9,6.14.0-37-generic,Intel(R) Core(TM) Ultra 7 155U,powersave,ext2/ext3,1,14,2,cpu,50,0,5,0,2,time/op,0.081037,0.000300,0.081037,0.000300,0.000000,0.000000,12340106.604019,ops/s,1.427072,62000000,5024267779,0.056785,6009657764,9718124457,1.617085,0.284394,0.000062,84,2,123,full_run,measured_unit,0.000000
2026-05-09T02:56:13,Linux,shrinithi-Yoga-7-2-in-1-14IML9,6.14.0-37-generic,Intel(R) Core(TM) Ultra 7 155U,powersave,ext2/ext3,1,14,2,cpu,50,0,5,0,2,time/op,0.081172,0.000464,0.081172,0.000464,0.000000,0.000000,12319537.383313,ops/s,1.429455,62000000,5032656509,0.056785,6017399028,9719622641,1.615253,0.278043,0.000068,88,2,157,full_run,measured_unit,0.000000
2026-05-09T02:56:18,Linux,shrinithi-Yoga-7-2-in-1-14IML9,6.14.0-37-generic,Intel(R) Core(TM) Ultra 7 155U,powersave,ext2/ext3,1,14,2,cpu,50,0,5,0,2,time/op,0.081018,0.000421,0.081018,0.000421,0.000000,0.000000,12342930.213277,ops/s,1.426746,62000000,5023118411,0.056785,6008659363,9718517903,1.617419,0.282223,0.000063,92,3,140,full_run,measured_unit,0.000000
2026-05-09T02:56:23,Linux,shrinithi-Yoga-7-2-in-1-14IML9,6.14.0-37-generic,Intel(R) Core(TM) Ultra 7 155U,powersave,ext2/ext3,1,14,2,cpu,50,0,5,0,2,time/op,0.080847,0.000292,0.080847,0.000292,0.000000,0.000000,12369084.228485,ops/s,1.423729,62000000,5012497195,0.056785,5995750291,9717547435,1.620739,0.229193,0.000064,89,3,148,full_run,measured_unit,0.000000
2026-05-09T02:56:28,Linux,shrinithi-Yoga-7-2-in-1-14IML9,6.14.0-37-generic,Intel(R) Core(TM) Ultra 7 155U,powersave,ext2/ext3,1,14,2,cpu,75,0,5,0,2,time/op,0.080790,0.000403,0.080790,0.000403,0.000000,0.000000,12377760.108464,ops/s,1.422731,94000000,7594265778,0.056785,9081177181,14734588026,1.622542,0.243558,0.000067,136,2,122,full_run,measured_unit,0.000000
2026-05-09T02:56:33,Linux,shrinithi-Yoga-7-2-in-1-14IML9,6.14.0-37-generic,Intel(R) Core(TM) Ultra 7 155U,powersave,ext2/ext3,1,14,2,cpu,75,0,5,0,2,time/op,0.081165,0.000265,0.081165,0.000265,0.000000,0.000000,12320573.206857,ops/s,1.429335,94000000,7629515155,0.056785,9120681715,14734625466,1.615518,0.289861,0.000065,144,2,141,full_run,measured_unit,0.000000
2026-05-09T02:56:39,Linux,shrinithi-Yoga-7-2-in-1-14IML9,6.14.0-37-generic,Intel(R) Core(TM) Ultra 7 155U,powersave,ext2/ext3,1,14,2,cpu,75,0,5,0,2,time/op,0.080856,0.000261,0.080856,0.000261,0.000000,0.000000,12367660.612373,ops/s,1.423893,94000000,7600467295,0.056785,9090560357,14735490324,1.620966,0.231999,0.000069,142,1,153,full_run,measured_unit,0.000000
2026-05-09T02:56:44,Linux,shrinithi-Yoga-7-2-in-1-14IML9,6.14.0-37-generic,Intel(R) Core(TM) Ultra 7 155U,powersave,ext2/ext3,1,14,2,cpu,75,0,5,0,2,time/op,0.081002,0.000256,0.081002,0.000256,0.000000,0.000000,12345413.824296,ops/s,1.426459,94000000,7614163554,0.056785,9104022737,14736333670,1.618662,0.256497,0.000070,141,2,143,full_run,measured_unit,0.000000
2026-05-09T02:56:49,Linux,shrinithi-Yoga-7-2-in-1-14IML9,6.14.0-37-generic,Intel(R) Core(TM) Ultra 7 155U,powersave,ext2/ext3,1,14,2,cpu,75,0,5,0,2,time/op,0.081100,0.000313,0.081100,0.000313,0.000000,0.000000,12330516.160105,ops/s,1.428182,94000000,7623362946,0.056785,9114522143,14735751001,1.616733,0.259814,0.000064,147,2,130,full_run,measured_unit,0.000000
2026-05-09T02:56:54,Linux,shrinithi-Yoga-7-2-in-1-14IML9,6.14.0-37-generic,Intel(R) Core(TM) Ultra 7 155U,powersave,ext2/ext3,1,14,2,memory,25,0,5,0,2,time/access,0.017034,0.000023,0.017034,0.000023,0.000000,0.000000,58706667.855421,access/s,0.999486,600000000,10220304131,0.017043,12663617911,8513531221,0.672283,0.184884,0.000195,124,2,65673,full_run,measured_unit,0.000000
2026-05-09T02:56:59,Linux,shrinithi-Yoga-7-2-in-1-14IML9,6.14.0-37-generic,Intel(R) Core(TM) Ultra 7 155U,powersave,ext2/ext3,1,14,2,memory,25,0,5,0,2,time/access,0.017043,0.000034,0.017043,0.000034,0.000000,0.000000,58675283.753262,access/s,1.000021,600000000,10225770744,0.017043,12667114844,8507825849,0.671647,0.182758,0.000195,119,1,65670,full_run,measured_unit,0.000000
2026-05-09T02:57:05,Linux,shrinithi-Yoga-7-2-in-1-14IML9,6.14.0-37-generic,Intel(R) Core(TM) Ultra 7 155U,powersave,ext2/ext3,1,14,2,memory,25,0,5,0,2,time/access,0.017045,0.000046,0.017045,0.000046,0.000000,0.000000,58667545.321367,access/s,1.000153,600000000,10227119555,0.017043,12666925519,8507198897,0.671607,0.199258,0.000215,129,4,65680,full_run,measured_unit,0.000000
2026-05-09T02:57:10,Linux,shrinithi-Yoga-7-2-in-1-14IML9,6.14.0-37-generic,Intel(R) Core(TM) Ultra 7 155U,powersave,ext2/ext3,1,14,2,memory,25,0,5,0,2,time/access,0.017041,0.000039,0.017041,0.000039,0.000000,0.000000,58683083.848812,access/s,0.999888,600000000,10224411545,0.017043,12672452543,8509429062,0.671490,0.187927,0.000186,121,4,65697,full_run,measured_unit,0.000000
2026-05-09T02:57:15,Linux,shrinithi-Yoga-7-2-in-1-14IML9,6.14.0-37-generic,Intel(R) Core(TM) Ultra 7 155U,powersave,ext2/ext3,1,14,2,memory,25,0,5,0,2,time/access,0.017049,0.000038,0.017049,0.000038,0.000000,0.000000,58653419.068317,access/s,1.000393,600000000,10229582683,0.017043,12668585630,8510354080,0.671768,0.182133,0.000176,123,2,65665,full_run,measured_unit,0.000000
2026-05-09T02:57:21,Linux,shrinithi-Yoga-7-2-in-1-14IML9,6.14.0-37-generic,Intel(R) Core(TM) Ultra 7 155U,powersave,ext2/ext3,1,14,2,memory,50,0,5,0,2,time/access,0.017048,0.000040,0.017048,0.000040,0.000000,0.000000,58658002.727414,access/s,1.000315,600000000,10228783322,0.017043,13101462244,9135119814,0.697260,0.181382,0.000234,128,2,131192,full_run,measured_unit,0.000000
2026-05-09T02:57:27,Linux,shrinithi-Yoga-7-2-in-1-14IML9,6.14.0-37-generic,Intel(R) Core(TM) Ultra 7 155U,powersave,ext2/ext3,1,14,2,memory,50,0,5,0,2,time/access,0.017051,0.000045,0.017051,0.000045,0.000000,0.000000,58646559.726507,access/s,1.000510,600000000,10230779142,0.017043,13102881075,9136632410,0.697299,0.190864,0.000225,129,3,131218,full_run,measured_unit,0.000000
2026-05-09T02:57:32,Linux,shrinithi-Yoga-7-2-in-1-14IML9,6.14.0-37-generic,Intel(R) Core(TM) Ultra 7 155U,powersave,ext2/ext3,1,14,2,memory,50,0,5,0,2,time/access,0.017062,0.000049,0.017062,0.000049,0.000000,0.000000,58608590.479228,access/s,1.001159,600000000,10237407095,0.017043,13109255431,9133479618,0.696720,0.189309,0.000235,136,3,131223,full_run,measured_unit,0.000000
2026-05-09T02:57:38,Linux,shrinithi-Yoga-7-2-in-1-14IML9,6.14.0-37-generic,Intel(R) Core(TM) Ultra 7 155U,powersave,ext2/ext3,1,14,2,memory,50,0,5,0,2,time/access,0.017061,0.000042,0.017061,0.000042,0.000000,0.000000,58613853.378287,access/s,1.001069,600000000,10236487885,0.017043,13112993510,9134716127,0.696616,0.184274,0.000217,138,3,131213,full_run,measured_unit,0.000000
2026-05-09T02:57:43,Linux,shrinithi-Yoga-7-2-in-1-14IML9,6.14.0-37-generic,Intel(R) Core(TM) Ultra 7 155U,powersave,ext2/ext3,1,14,2,memory,50,0,5,0,2,time/access,0.017051,0.000034,0.017051,0.000034,0.000000,0.000000,58646905.264037,access/s,1.000505,600000000,10230718864,0.017043,13103832453,9136073348,0.697206,0.184398,0.000209,126,2,131205,full_run,measured_unit,0.000000
2026-05-09T02:57:49,Linux,shrinithi-Yoga-7-2-in-1-14IML9,6.14.0-37-generic,Intel(R) Core(TM) Ultra 7 155U,powersave,ext2/ext3,1,14,2,memory,75,0,5,0,2,time/access,0.017070,0.000042,0.017070,0.000042,0.000000,0.000000,58580658.647263,access/s,1.001636,600000000,10242288391,0.017043,13545400703,9760380543,0.720568,0.189064,0.000241,135,2,196743,full_run,measured_unit,0.000000
2026-05-09T02:57:55,Linux,shrinithi-Yoga-7-2-in-1-14IML9,6.14.0-37-generic,Intel(R) Core(TM) Ultra 7 155U,powersave,ext2/ext3,1,14,2,memory,75,0,5,0,2,time/access,0.017035,0.000032,0.017035,0.000032,0.000000,0.000000,58701403.185476,access/s,0.999576,600000000,10221220745,0.017043,13513742459,9757514688,0.722044,0.186174,0.000250,127,2,196732,full_run,measured_unit,0.000000
2026-05-09T02:58:00,Linux,shrinithi-Yoga-7-2-in-1-14IML9,6.14.0-37-generic,Intel(R) Core(TM) Ultra 7 155U,powersave,ext2/ext3,1,14,2,memory,75,0,5,0,2,time/access,0.017027,0.000037,0.017027,0.000037,0.000000,0.000000,58731838.911651,access/s,0.999058,600000000,10215923954,0.017043,13510393935,9757662989,0.722234,0.186909,0.000235,135,2,196748,full_run,measured_unit,0.000000
2026-05-09T02:58:06,Linux,shrinithi-Yoga-7-2-in-1-14IML9,6.14.0-37-generic,Intel(R) Core(TM) Ultra 7 155U,powersave,ext2/ext3,1,14,2,memory,75,0,5,0,2,time/access,0.017149,0.000033,0.017149,0.000033,0.000000,0.000000,58311198.047325,access/s,1.006265,580000000,9946631512,0.017043,13183966898,9495597235,0.720238,0.347203,0.000240,131,2,196763,full_run,measured_unit,0.000000
2026-05-09T02:58:12,Linux,shrinithi-Yoga-7-2-in-1-14IML9,6.14.0-37-generic,Intel(R) Core(TM) Ultra 7 155U,powersave,ext2/ext3,1,14,2,memory,75,0,5,0,2,time/access,0.017032,0.000028,0.017032,0.000028,0.000000,0.000000,58712378.998199,access/s,0.999389,600000000,10219309969,0.017043,13515165677,9758566319,0.722046,0.186176,0.000247,126,2,196718,full_run,measured_unit,0.000000
2026-05-09T02:58:17,Linux,shrinithi-Yoga-7-2-in-1-14IML9,6.14.0-37-generic,Intel(R) Core(TM) Ultra 7 155U,powersave,ext2/ext3,1,14,2,io,25,0,5,0,2,time/cycle,18.957133,11.859728,18.957133,11.859728,18.957133,11.859728,3291.019315,MB/s,1.921128,34519121920,10002979881,9.867712,30093655991,43655525942,1.450655,0.295758,0.003071,1372,2,163,full_run,measured_unit,0.000000
2026-05-09T02:58:22,Linux,shrinithi-Yoga-7-2-in-1-14IML9,6.14.0-37-generic,Intel(R) Core(TM) Ultra 7 155U,powersave,ext2/ext3,1,14,2,io,25,0,5,0,2,time/cycle,14.444922,4.656310,14.444922,4.656310,14.444922,4.656310,4319.132942,MB/s,1.463857,45298483200,10002007482,9.867712,39465084900,57242876948,1.450469,0.297517,0.003049,1644,3,146,full_run,measured_unit,0.000000
2026-05-09T02:58:27,Linux,shrinithi-Yoga-7-2-in-1-14IML9,6.14.0-37-generic,Intel(R) Core(TM) Ultra 7 155U,powersave,ext2/ext3,1,14,2,io,25,0,5,0,2,time/cycle,14.564452,4.632790,14.564452,4.632790,14.564452,4.632790,4283.625324,MB/s,1.475971,44941967360,10005543612,9.867712,39128007535,56792956859,1.451466,0.283791,0.002978,1583,2,140,full_run,measured_unit,0.000000
2026-05-09T02:58:32,Linux,shrinithi-Yoga-7-2-in-1-14IML9,6.14.0-37-generic,Intel(R) Core(TM) Ultra 7 155U,powersave,ext2/ext3,1,14,2,io,25,0,5,0,2,time/cycle,15.124652,5.349587,15.124652,5.349587,15.124652,5.349587,4125.163722,MB/s,1.532742,43264245760,10002027261,9.867712,37821201000,54674338489,1.445600,0.297582,0.003025,1479,1,105,full_run,measured_unit,0.000000
2026-05-09T02:58:37,Linux,shrinithi-Yoga-7-2-in-1-14IML9,6.14.0-37-generic,Intel(R) Core(TM) Ultra 7 155U,powersave,ext2/ext3,1,14,2,io,25,0,5,0,2,time/cycle,14.817449,4.932726,14.817449,4.932726,14.817449,4.932726,4210.456057,MB/s,1.501609,44166021120,10003666926,9.867712,38654904632,55813683390,1.443897,0.294984,0.003045,1560,2,148,full_run,measured_unit,0.000000
2026-05-09T02:58:42,Linux,shrinithi-Yoga-7-2-in-1-14IML9,6.14.0-37-generic,Intel(R) Core(TM) Ultra 7 155U,powersave,ext2/ext3,1,14,2,io,50,0,5,0,2,time/cycle,26.373150,6.844097,26.373150,6.844097,26.373150,6.844097,4734.582617,MB/s,2.672671,49660559360,10002993682,9.867712,36320962087,53135685831,1.462948,0.307542,0.002032,1461,3,166,full_run,measured_unit,0.000000
2026-05-09T02:58:47,Linux,shrinithi-Yoga-7-2-in-1-14IML9,6.14.0-37-generic,Intel(R) Core(TM) Ultra 7 155U,powersave,ext2/ext3,1,14,2,io,50,0,5,0,2,time/cycle,25.015714,4.581752,25.015714,4.581752,25.015714,4.581752,4991.542893,MB/s,2.535108,52344913920,10000915762,9.867712,38268888356,56002869083,1.463405,0.295951,0.002012,1516,2,157,full_run,measured_unit,0.000000
2026-05-09T02:58:52,Linux,shrinithi-Yoga-7-2-in-1-14IML9,6.14.0-37-generic,Intel(R) Core(TM) Ultra 7 155U,powersave,ext2/ext3,1,14,2,io,50,0,5,0,2,time/cycle,25.080208,4.963665,25.080208,4.963665,25.080208,4.963665,4978.677525,MB/s,2.541644,52219084800,10002656277,9.867712,38360607056,55866640588,1.456354,0.313335,0.002014,1462,2,155,full_run,measured_unit,0.000000
2026-05-09T02:58:57,Linux,shrinithi-Yoga-7-2-in-1-14IML9,6.14.0-37-generic,Intel(R) Core(TM) Ultra 7 155U,powersave,ext2/ext3,1,14,2,io,50,0,5,0,2,time/cycle,24.950963,4.439542,24.950963,4.439542,24.950963,4.439542,5004.499752,MB/s,2.528546,52491714560,10002997799,9.867712,38452598199,56158974193,1.460473,0.304815,0.001957,1500,3,188,full_run,measured_unit,0.000000
2026-05-09T02:59:02,Linux,shrinithi-Yoga-7-2-in-1-14IML9,6.14.0-37-generic,Intel(R) Core(TM) Ultra 7 155U,powersave,ext2/ext3,1,14,2,io,50,0,5,0,2,time/cycle,25.027224,4.448644,25.027224,4.448644,25.027224,4.448644,4989.179489,MB/s,2.536274,52344913920,10005653256,9.867712,38356639201,56007263075,1.460171,0.299573,0.002011,1609,2,154,full_run,measured_unit,0.000000
2026-05-09T02:59:07,Linux,shrinithi-Yoga-7-2-in-1-14IML9,6.14.0-37-generic,Intel(R) Core(TM) Ultra 7 155U,powersave,ext2/ext3,1,14,2,io,75,0,5,0,2,time/cycle,36.453278,7.731293,36.453278,7.731293,36.453278,7.731293,5139.610176,MB/s,3.694198,53896937472,10000782791,9.867712,36946778903,54191488441,1.466745,0.295394,0.001544,1366,2,162,full_run,measured_unit,0.000000
2026-05-09T02:59:12,Linux,shrinithi-Yoga-7-2-in-1-14IML9,6.14.0-37-generic,Intel(R) Core(TM) Ultra 7 155U,powersave,ext2/ext3,1,14,2,io,75,0,5,0,2,time/cycle,34.599658,4.546475,34.599658,4.546475,34.599658,4.546475,5414.952345,MB/s,3.506351,56800051200,10003550640,9.867712,38805438362,57093414121,1.471274,0.294442,0.001585,1371,2,164,full_run,measured_unit,0.000000
2026-05-09T02:59:17,Linux,shrinithi-Yoga-7-2-in-1-14IML9,6.14.0-37-generic,Intel(R) Core(TM) Ultra 7 155U,powersave,ext2/ext3,1,14,2,io,75,0,5,0,2,time/cycle,34.247803,4.553101,34.247803,4.553101,34.247803,4.553101,5470.588903,MB/s,3.470694,57389088768,10004498779,9.867712,39201258769,57675642102,1.471270,0.306190,0.001545,1310,2,204,full_run,measured_unit,0.000000
2026-05-09T02:59:22,Linux,shrinithi-Yoga-7-2-in-1-14IML9,6.14.0-37-generic,Intel(R) Core(TM) Ultra 7 155U,powersave,ext2/ext3,1,14,2,io,75,0,5,0,2,time/cycle,34.336375,4.531739,34.336375,4.531739,34.336375,4.531739,5456.502791,MB/s,3.479669,57220792320,10000911222,9.867712,39203535411,57517058694,1.467140,0.313444,0.001574,1376,2,222,full_run,measured_unit,0.000000
2026-05-09T02:59:27,Linux,shrinithi-Yoga-7-2-in-1-14IML9,6.14.0-37-generic,Intel(R) Core(TM) Ultra 7 155U,powersave,ext2/ext3,1,14,2,io,75,0,5,0,2,time/cycle,34.425032,4.898752,34.425032,4.898752,34.425032,4.898752,5442.374247,MB/s,3.488654,57094569984,10004755742,9.867712,39213707301,57396695707,1.463690,0.314559,0.001538,1390,2,171,full_run,measured_unit,0.000000
2026-05-09T02:59:32,Linux,shrinithi-Yoga-7-2-in-1-14IML9,6.14.0-37-generic,Intel(R) Core(TM) Ultra 7 155U,powersave,ext2/ext3,1,14,2,mixed,25,0,5,0,2,time/mixed-op,0.036792,0.024083,0.036792,0.024083,0.000000,0.000000,27180029.539669,mixed-op/s,1.854964,362000000,13318602155,0.019834,8998579612,8539105880,0.948939,0.548470,0.000151,2357,6,65655,full_run,measured_unit,0.000000
2026-05-09T02:59:38,Linux,shrinithi-Yoga-7-2-in-1-14IML9,6.14.0-37-generic,Intel(R) Core(TM) Ultra 7 155U,powersave,ext2/ext3,1,14,2,mixed,25,0,5,0,2,time/mixed-op,0.040106,0.025684,0.040106,0.025684,0.000000,0.000000,24933694.293293,mixed-op/s,2.022082,318000000,12753826058,0.019834,7775589626,7389566487,0.950354,0.628058,0.000161,2308,4,65715,full_run,measured_unit,0.000000
2026-05-09T02:59:43,Linux,shrinithi-Yoga-7-2-in-1-14IML9,6.14.0-37-generic,Intel(R) Core(TM) Ultra 7 155U,powersave,ext2/ext3,1,14,2,mixed,25,0,5,0,2,time/mixed-op,0.040029,0.025326,0.040029,0.025326,0.000000,0.000000,24981947.730332,mixed-op/s,2.018176,318000000,12729191632,0.019834,7786279612,7388605166,0.948926,0.617824,0.000154,2296,4,65715,full_run,measured_unit,0.000000
2026-05-09T02:59:49,Linux,shrinithi-Yoga-7-2-in-1-14IML9,6.14.0-37-generic,Intel(R) Core(TM) Ultra 7 155U,powersave,ext2/ext3,1,14,2,mixed,25,0,5,0,2,time/mixed-op,0.040014,0.025726,0.040014,0.025726,0.000000,0.000000,24991217.726547,mixed-op/s,2.017427,318000000,12724469991,0.019834,7779003739,7387764545,0.949706,0.620746,0.000158,2303,4,65713,full_run,measured_unit,0.000000
2026-05-09T02:59:54,Linux,shrinithi-Yoga-7-2-in-1-14IML9,6.14.0-37-generic,Intel(R) Core(TM) Ultra 7 155U,powersave,ext2/ext3,1,14,2,mixed,25,0,5,0,2,time/mixed-op,0.040118,0.025355,0.040118,0.025355,0.000000,0.000000,24926388.143031,mixed-op/s,2.022674,318000000,12757564320,0.019834,7777147655,7387683552,0.949922,0.649468,0.000153,2312,4,65696,full_run,measured_unit,0.000000
2026-05-09T03:00:00,Linux,shrinithi-Yoga-7-2-in-1-14IML9,6.14.0-37-generic,Intel(R) Core(TM) Ultra 7 155U,powersave,ext2/ext3,1,14,2,mixed,50,0,5,0,2,time/mixed-op,0.045485,0.034857,0.045485,0.034857,0.000000,0.000000,21985146.770457,mixed-op/s,2.293274,336000000,15283045572,0.019834,9735865718,10833051837,1.112695,0.635972,0.000148,2858,4,131184,full_run,measured_unit,0.000000
2026-05-09T03:00:05,Linux,shrinithi-Yoga-7-2-in-1-14IML9,6.14.0-37-generic,Intel(R) Core(TM) Ultra 7 155U,powersave,ext2/ext3,1,14,2,mixed,50,0,5,0,2,time/mixed-op,0.045123,0.033775,0.045123,0.033775,0.000000,0.000000,22161699.887678,mixed-op/s,2.275004,336000000,15161291855,0.019834,9745271939,10834557627,1.111776,0.637227,0.000146,2819,4,131252,full_run,measured_unit,0.000000
2026-05-09T03:00:11,Linux,shrinithi-Yoga-7-2-in-1-14IML9,6.14.0-37-generic,Intel(R) Core(TM) Ultra 7 155U,powersave,ext2/ext3,1,14,2,mixed,50,0,5,0,2,time/mixed-op,0.045479,0.034717,0.045479,0.034717,0.000000,0.000000,21988226.225090,mixed-op/s,2.292953,336000000,15280905179,0.019834,9742368563,10834493198,1.112101,0.637275,0.000150,2872,4,131252,full_run,measured_unit,0.000000
2026-05-09T03:00:17,Linux,shrinithi-Yoga-7-2-in-1-14IML9,6.14.0-37-generic,Intel(R) Core(TM) Ultra 7 155U,powersave,ext2/ext3,1,14,2,mixed,50,0,5,0,2,time/mixed-op,0.044233,0.030292,0.044233,0.030292,0.000000,0.000000,22607788.347392,mixed-op/s,2.230115,340000000,15039065068,0.019834,10209081270,11460698543,1.122598,0.613898,0.000133,2659,4,131234,full_run,measured_unit,0.000000
2026-05-09T03:00:22,Linux,shrinithi-Yoga-7-2-in-1-14IML9,6.14.0-37-generic,Intel(R) Core(TM) Ultra 7 155U,powersave,ext2/ext3,1,14,2,mixed,50,0,5,0,2,time/mixed-op,0.045436,0.034754,0.045436,0.034754,0.000000,0.000000,22009131.209798,mixed-op/s,2.290775,336000000,15266390881,0.019834,9733735109,10832947958,1.112928,0.633210,0.000144,2856,6,131251,full_run,measured_unit,0.000000
2026-05-09T03:00:28,Linux,shrinithi-Yoga-7-2-in-1-14IML9,6.14.0-37-generic,Intel(R) Core(TM) Ultra 7 155U,powersave,ext2/ext3,1,14,2,mixed,75,0,5,0,2,time/mixed-op,0.049913,0.039507,0.049913,0.039507,0.000000,0.000000,20034857.082402,mixed-op/s,2.516512,354000000,17669205153,0.019834,11746592825,14280875086,1.215746,0.643759,0.000140,3370,5,196730,full_run,measured_unit,0.000000
2026-05-09T03:00:34,Linux,shrinithi-Yoga-7-2-in-1-14IML9,6.14.0-37-generic,Intel(R) Core(TM) Ultra 7 155U,powersave,ext2/ext3,1,14,2,mixed,75,0,5,0,2,time/mixed-op,0.049952,0.039425,0.049952,0.039425,0.000000,0.000000,20019332.935609,mixed-op/s,2.518464,354000000,17682906875,0.019834,11754652330,14279467876,1.214793,0.662586,0.000144,3394,4,196774,full_run,measured_unit,0.000000
2026-05-09T03:00:40,Linux,shrinithi-Yoga-7-2-in-1-14IML9,6.14.0-37-generic,Intel(R) Core(TM) Ultra 7 155U,powersave,ext2/ext3,1,14,2,mixed,75,0,5,0,2,time/mixed-op,0.049734,0.039592,0.049734,0.039592,0.000000,0.000000,20106874.189478,mixed-op/s,2.507499,352000000,17506450614,0.019834,11569603803,13967460748,1.207255,0.657314,0.000147,3368,6,196783,full_run,measured_unit,0.000000
2026-05-09T03:00:46,Linux,shrinithi-Yoga-7-2-in-1-14IML9,6.14.0-37-generic,Intel(R) Core(TM) Ultra 7 155U,powersave,ext2/ext3,1,14,2,mixed,75,0,5,0,2,time/mixed-op,0.049707,0.039476,0.049707,0.039476,0.000000,0.000000,20117978.087512,mixed-op/s,2.506115,352000000,17496788120,0.019834,11562538049,13967026596,1.207955,0.669027,0.000142,3373,4,196758,full_run,measured_unit,0.000000
2026-05-09T03:00:52,Linux,shrinithi-Yoga-7-2-in-1-14IML9,6.14.0-37-generic,Intel(R) Core(TM) Ultra 7 155U,powersave,ext2/ext3,1,14,2,mixed,75,0,5,0,2,time/mixed-op,0.049731,0.039707,0.049731,0.039707,0.000000,0.000000,20108178.636371,mixed-op/s,2.507336,352000000,17505314945,0.019834,11563820851,13966203808,1.207750,0.655049,0.000142,3368,4,196784,full_run,measured_unit,0.000000
2026-05-09T03:00:58,Linux,shrinithi-Yoga-7-2-in-1-14IML9,6.14.0-37-generic,Intel(R) Core(TM) Ultra 7 155U,powersave,ext2/ext3,1,14,4,cpu,25,0,5,0,4,time/op,0.073924,0.007478,0.073924,0.007478,0.000000,0.000000,13527463.449047,ops/s,1.301813,70000000,5174658225,0.056785,6169623863,10967339946,1.777635,0.278694,0.000069,107,3,273,full_run,measured_unit,0.000000
2026-05-09T03:01:03,Linux,shrinithi-Yoga-7-2-in-1-14IML9,6.14.0-37-generic,Intel(R) Core(TM) Ultra 7 155U,powersave,ext2/ext3,1,14,4,cpu,25,0,5,0,4,time/op,0.080646,0.000548,0.080646,0.000548,0.000000,0.000000,12399820.909619,ops/s,1.420200,64000000,5161364867,0.056785,6176700092,10030221842,1.623880,0.214691,0.000069,91,8,323,full_run,measured_unit,0.000000
2026-05-09T03:01:08,Linux,shrinithi-Yoga-7-2-in-1-14IML9,6.14.0-37-generic,Intel(R) Core(TM) Ultra 7 155U,powersave,ext2/ext3,1,14,4,cpu,25,0,5,0,4,time/op,0.081076,0.000707,0.081076,0.000707,0.000000,0.000000,12334031.259053,ops/s,1.427775,64000000,5188895557,0.056785,6206088497,10031203836,1.616349,0.244329,0.000072,103,10,295,full_run,measured_unit,0.000000
2026-05-09T03:01:13,Linux,shrinithi-Yoga-7-2-in-1-14IML9,6.14.0-37-generic,Intel(R) Core(TM) Ultra 7 155U,powersave,ext2/ext3,1,14,4,cpu,25,0,5,0,4,time/op,0.081136,0.000307,0.081136,0.000307,0.000000,0.000000,12325021.881006,ops/s,1.428819,64000000,5192688550,0.056785,6207035424,10031214148,1.616104,0.234970,0.000079,93,9,269,full_run,measured_unit,0.000000
2026-05-09T03:01:18,Linux,shrinithi-Yoga-7-2-in-1-14IML9,6.14.0-37-generic,Intel(R) Core(TM) Ultra 7 155U,powersave,ext2/ext3,1,14,4,cpu,25,0,5,0,4,time/op,0.078247,0.006962,0.078247,0.006962,0.000000,0.000000,12780053.257224,ops/s,1.377946,66000000,5164297728,0.056785,6158333728,10342595906,1.679447,0.247959,0.000069,103,5,308,full_run,measured_unit,0.000000
2026-05-09T03:01:23,Linux,shrinithi-Yoga-7-2-in-1-14IML9,6.14.0-37-generic,Intel(R) Core(TM) Ultra 7 155U,powersave,ext2/ext3,1,14,4,cpu,50,0,5,0,4,time/op,0.080998,0.000398,0.080998,0.000398,0.000000,0.000000,12345973.082263,ops/s,1.426394,124000000,10043760761,0.056785,12015731219,19431489544,1.617171,0.209312,0.000063,159,5,254,full_run,measured_unit,0.000000
2026-05-09T03:01:29,Linux,shrinithi-Yoga-7-2-in-1-14IML9,6.14.0-37-generic,Intel(R) Core(TM) Ultra 7 155U,powersave,ext2/ext3,1,14,4,cpu,50,0,5,0,4,time/op,0.080679,0.000657,0.080679,0.000657,0.000000,0.000000,12394856.850515,ops/s,1.420769,126000000,10165506671,0.056785,12160717458,19745654206,1.623724,0.189032,0.000066,174,7,304,full_run,measured_unit,0.000000
2026-05-09T03:01:34,Linux,shrinithi-Yoga-7-2-in-1-14IML9,6.14.0-37-generic,Intel(R) Core(TM) Ultra 7 155U,powersave,ext2/ext3,1,14,4,cpu,50,0,5,0,4,time/op,0.081122,0.000390,0.081122,0.000390,0.000000,0.000000,12327039.470730,ops/s,1.428585,124000000,10059187390,0.056785,12024188989,19431151099,1.616005,0.222498,0.000062,178,11,359,full_run,measured_unit,0.000000
2026-05-09T03:01:39,Linux,shrinithi-Yoga-7-2-in-1-14IML9,6.14.0-37-generic,Intel(R) Core(TM) Ultra 7 155U,powersave,ext2/ext3,1,14,4,cpu,50,0,5,0,4,time/op,0.081372,0.000668,0.081372,0.000668,0.000000,0.000000,12289182.122022,ops/s,1.432986,124000000,10090175145,0.056785,12071947827,19434920185,1.609924,0.244375,0.000067,170,6,297,full_run,measured_unit,0.000000
2026-05-09T03:01:44,Linux,shrinithi-Yoga-7-2-in-1-14IML9,6.14.0-37-generic,Intel(R) Core(TM) Ultra 7 155U,powersave,ext2/ext3,1,14,4,cpu,50,0,5,0,4,time/op,0.081062,0.000408,0.081062,0.000408,0.000000,0.000000,12336299.721457,ops/s,1.427513,124000000,10051636455,0.056785,12020702039,19431548086,1.616507,0.201337,0.000063,167,4,265,full_run,measured_unit,0.000000
2026-05-09T03:01:49,Linux,shrinithi-Yoga-7-2-in-1-14IML9,6.14.0-37-generic,Intel(R) Core(TM) Ultra 7 155U,powersave,ext2/ext3,1,14,4,cpu,75,0,5,0,4,time/op,0.081071,0.000307,0.081071,0.000307,0.000000,0.000000,12334852.642197,ops/s,1.427680,188000000,15241365702,0.056785,18222985783,29461291856,1.616710,0.206133,0.000062,242,3,286,full_run,measured_unit,0.000000
2026-05-09T03:01:54,Linux,shrinithi-Yoga-7-2-in-1-14IML9,6.14.0-37-generic,Intel(R) Core(TM) Ultra 7 155U,powersave,ext2/ext3,1,14,4,cpu,75,0,5,0,4,time/op,0.080683,0.000660,0.080683,0.000660,0.000000,0.000000,12394188.271609,ops/s,1.420845,188000000,15168399566,0.056785,18146049524,29461859464,1.623596,0.224569,0.000062,257,4,334,full_run,measured_unit,0.000000
2026-05-09T03:01:59,Linux,shrinithi-Yoga-7-2-in-1-14IML9,6.14.0-37-generic,Intel(R) Core(TM) Ultra 7 155U,powersave,ext2/ext3,1,14,4,cpu,75,0,5,0,4,time/op,0.081117,0.000356,0.081117,0.000356,0.000000,0.000000,12327935.856609,ops/s,1.428481,188000000,15249917114,0.056785,18242108774,29458698982,1.614874,0.213408,0.000060,246,4,344,full_run,measured_unit,0.000000
2026-05-09T03:02:04,Linux,shrinithi-Yoga-7-2-in-1-14IML9,6.14.0-37-generic,Intel(R) Core(TM) Ultra 7 155U,powersave,ext2/ext3,1,14,4,cpu,75,0,5,0,4,time/op,0.081166,0.000367,0.081166,0.000367,0.000000,0.000000,12320493.187193,ops/s,1.429344,188000000,15259129415,0.056785,18248853332,29461664227,1.614439,0.251603,0.000061,240,6,324,full_run,measured_unit,0.000000
2026-05-09T03:02:09,Linux,shrinithi-Yoga-7-2-in-1-14IML9,6.14.0-37-generic,Intel(R) Core(TM) Ultra 7 155U,powersave,ext2/ext3,1,14,4,cpu,75,0,5,0,4,time/op,0.081185,0.000396,0.081185,0.000396,0.000000,0.000000,12317481.386327,ops/s,1.429693,188000000,15262860491,0.056785,18251047657,29460925692,1.614205,0.247207,0.000063,260,8,336,full_run,measured_unit,0.000000
2026-05-09T03:02:15,Linux,shrinithi-Yoga-7-2-in-1-14IML9,6.14.0-37-generic,Intel(R) Core(TM) Ultra 7 155U,powersave,ext2/ext3,1,14,4,memory,25,0,5,0,4,time/access,0.016917,0.000303,0.016917,0.000303,0.000000,0.000000,59112898.507429,access/s,0.992617,1200000000,20300138046,0.017043,25296012519,17011612397,0.672502,0.258310,0.000176,199,5,131342,full_run,measured_unit,0.000000
2026-05-09T03:02:20,Linux,shrinithi-Yoga-7-2-in-1-14IML9,6.14.0-37-generic,Intel(R) Core(TM) Ultra 7 155U,powersave,ext2/ext3,1,14,4,memory,25,0,5,0,4,time/access,0.016196,0.000553,0.016196,0.000553,0.000000,0.000000,61743965.947552,access/s,0.950319,1240000000,20082934113,0.017043,26074030169,17518598057,0.671879,0.296292,0.000157,204,7,131380,full_run,measured_unit,0.000000
2026-05-09T03:02:25,Linux,shrinithi-Yoga-7-2-in-1-14IML9,6.14.0-37-generic,Intel(R) Core(TM) Ultra 7 155U,powersave,ext2/ext3,1,14,4,memory,25,0,5,0,4,time/access,0.016647,0.000573,0.016647,0.000573,0.000000,0.000000,60072323.467206,access/s,0.976764,1220000000,20308853222,0.017043,25667134602,17261620940,0.672518,0.278501,0.000173,210,4,131395,full_run,measured_unit,0.000000
2026-05-09T03:02:30,Linux,shrinithi-Yoga-7-2-in-1-14IML9,6.14.0-37-generic,Intel(R) Core(TM) Ultra 7 155U,powersave,ext2/ext3,1,14,4,memory,25,0,5,0,4,time/access,0.016850,0.000443,0.016850,0.000443,0.000000,0.000000,59346996.196721,access/s,0.988702,1200000000,20220062967,0.017043,25270081356,17001503880,0.672792,0.271631,0.000188,207,4,131380,full_run,measured_unit,0.000000
2026-05-09T03:02:36,Linux,shrinithi-Yoga-7-2-in-1-14IML9,6.14.0-37-generic,Intel(R) Core(TM) Ultra 7 155U,powersave,ext2/ext3,1,14,4,memory,25,0,5,0,4,time/access,0.016728,0.000434,0.016728,0.000434,0.000000,0.000000,59780704.168244,access/s,0.981529,1200000000,20073366761,0.017043,25264563515,17002334736,0.672972,0.268221,0.000175,204,5,131390,full_run,measured_unit,0.000000
2026-05-09T03:02:41,Linux,shrinithi-Yoga-7-2-in-1-14IML9,6.14.0-37-generic,Intel(R) Core(TM) Ultra 7 155U,powersave,ext2/ext3,1,14,4,memory,50,0,5,0,4,time/access,0.016357,0.000655,0.016357,0.000655,0.000000,0.000000,61135929.167328,access/s,0.959771,1240000000,20282672021,0.017043,26931818566,18777075898,0.697208,0.287419,0.000204,219,6,262464,full_run,measured_unit,0.000000
2026-05-09T03:02:47,Linux,shrinithi-Yoga-7-2-in-1-14IML9,6.14.0-37-generic,Intel(R) Core(TM) Ultra 7 155U,powersave,ext2/ext3,1,14,4,memory,50,0,5,0,4,time/access,0.016587,0.000583,0.016587,0.000583,0.000000,0.000000,60289483.928281,access/s,0.973246,1220000000,20235701494,0.017043,26531494466,18513134582,0.697780,0.277863,0.000213,201,4,262441,full_run,measured_unit,0.000000
2026-05-09T03:02:52,Linux,shrinithi-Yoga-7-2-in-1-14IML9,6.14.0-37-generic,Intel(R) Core(TM) Ultra 7 155U,powersave,ext2/ext3,1,14,4,memory,50,0,5,0,4,time/access,0.016665,0.000629,0.016665,0.000629,0.000000,0.000000,60007196.310880,access/s,0.977824,1220000000,20330894876,0.017043,26532023831,18514458953,0.697816,0.283116,0.000216,215,8,262460,full_run,measured_unit,0.000000
2026-05-09T03:02:58,Linux,shrinithi-Yoga-7-2-in-1-14IML9,6.14.0-37-generic,Intel(R) Core(TM) Ultra 7 155U,powersave,ext2/ext3,1,14,4,memory,50,0,5,0,4,time/access,0.016623,0.000512,0.016623,0.000512,0.000000,0.000000,60159247.103846,access/s,0.975353,1200000000,19947058146,0.017043,26173906326,18249200789,0.697229,0.303254,0.000210,212,6,262445,full_run,measured_unit,0.000000
2026-05-09T03:03:03,Linux,shrinithi-Yoga-7-2-in-1-14IML9,6.14.0-37-generic,Intel(R) Core(TM) Ultra 7 155U,powersave,ext2/ext3,1,14,4,memory,50,0,5,0,4,time/access,0.016254,0.000659,0.016254,0.000659,0.000000,0.000000,61521951.794479,access/s,0.953749,1240000000,20155407360,0.017043,26936785325,18769344896,0.696792,0.312996,0.000213,213,5,262474,full_run,measured_unit,0.000000
2026-05-09T03:03:09,Linux,shrinithi-Yoga-7-2-in-1-14IML9,6.14.0-37-generic,Intel(R) Core(TM) Ultra 7 155U,powersave,ext2/ext3,1,14,4,memory,75,0,5,0,4,time/access,0.016675,0.000663,0.016675,0.000663,0.000000,0.000000,59970785.567058,access/s,0.978418,1220000000,20343238603,0.017043,27388352596,19764726396,0.721647,0.290325,0.000256,242,5,393497,full_run,measured_unit,0.000000
2026-05-09T03:03:14,Linux,shrinithi-Yoga-7-2-in-1-14IML9,6.14.0-37-generic,Intel(R) Core(TM) Ultra 7 155U,powersave,ext2/ext3,1,14,4,memory,75,0,5,0,4,time/access,0.015935,0.000594,0.015935,0.000594,0.000000,0.000000,62753362.677002,access/s,0.935033,1260000000,20078605293,0.017043,28160989175,20281917096,0.720213,0.316836,0.000206,224,4,393526,full_run,measured_unit,0.000000
2026-05-09T03:03:20,Linux,shrinithi-Yoga-7-2-in-1-14IML9,6.14.0-37-generic,Intel(R) Core(TM) Ultra 7 155U,powersave,ext2/ext3,1,14,4,memory,75,0,5,0,4,time/access,0.016055,0.000716,0.016055,0.000716,0.000000,0.000000,62287154.526109,access/s,0.942032,1260000000,20228890043,0.017043,28123109187,20279804741,0.721108,0.305205,0.000211,206,4,393517,full_run,measured_unit,0.000000
2026-05-09T03:03:26,Linux,shrinithi-Yoga-7-2-in-1-14IML9,6.14.0-37-generic,Intel(R) Core(TM) Ultra 7 155U,powersave,ext2/ext3,1,14,4,memory,75,0,5,0,4,time/access,0.016511,0.000631,0.016511,0.000631,0.000000,0.000000,60566944.619810,access/s,0.968787,1220000000,20143000570,0.017043,27310266511,19761671935,0.723599,0.281133,0.000224,227,5,393506,full_run,measured_unit,0.000000
2026-05-09T03:03:31,Linux,shrinithi-Yoga-7-2-in-1-14IML9,6.14.0-37-generic,Intel(R) Core(TM) Ultra 7 155U,powersave,ext2/ext3,1,14,4,memory,75,0,5,0,4,time/access,0.016262,0.000695,0.016262,0.000695,0.000000,0.000000,61492658.928296,access/s,0.954203,1240000000,20165008663,0.017043,27789523770,20025082264,0.720598,0.310252,0.000228,227,6,393508,full_run,measured_unit,0.000000
2026-05-09T03:03:36,Linux,shrinithi-Yoga-7-2-in-1-14IML9,6.14.0-37-generic,Intel(R) Core(TM) Ultra 7 155U,powersave,ext2/ext3,1,14,4,io,25,0,5,0,4,time/cycle,19.456214,11.962629,19.456214,11.962629,19.456214,11.962629,3206.902872,MB/s,1.971705,67297607680,20013078839,9.867712,59840346063,85160047405,1.423121,0.062014,0.003108,2731,4,325,full_run,measured_unit,0.000000
2026-05-09T03:03:41,Linux,shrinithi-Yoga-7-2-in-1-14IML9,6.14.0-37-generic,Intel(R) Core(TM) Ultra 7 155U,powersave,ext2/ext3,1,14,4,io,25,0,5,0,4,time/cycle,14.765689,4.183326,14.765689,4.183326,14.765689,4.183326,4225.538838,MB/s,1.496364,88646615040,20006915860,9.867712,78925245919,112062767699,1.419860,0.059988,0.003159,2947,4,318,full_run,measured_unit,0.000000
2026-05-09T03:03:46,Linux,shrinithi-Yoga-7-2-in-1-14IML9,6.14.0-37-generic,Intel(R) Core(TM) Ultra 7 155U,powersave,ext2/ext3,1,14,4,io,25,0,5,0,4,time/cycle,15.535124,4.534320,15.535124,4.534320,15.535124,4.534320,4016.318088,MB/s,1.574339,84263567360,20008375392,9.867712,74942941640,106563813629,1.421933,0.060709,0.003120,3383,5,340,full_run,measured_unit,0.000000
2026-05-09T03:03:51,Linux,shrinithi-Yoga-7-2-in-1-14IML9,6.14.0-37-generic,Intel(R) Core(TM) Ultra 7 155U,powersave,ext2/ext3,1,14,4,io,25,0,5,0,4,time/cycle,15.507177,4.435804,15.507177,4.435804,15.507177,4.435804,4023.544755,MB/s,1.571507,84410368000,20007233645,9.867712,75019980411,106733753268,1.422738,0.061777,0.003132,3084,5,308,full_run,measured_unit,0.000000
2026-05-09T03:03:57,Linux,shrinithi-Yoga-7-2-in-1-14IML9,6.14.0-37-generic,Intel(R) Core(TM) Ultra 7 155U,powersave,ext2/ext3,1,14,4,io,25,0,5,0,4,time/cycle,15.329432,3.909173,15.329432,3.909173,15.329432,3.909173,4070.167865,MB/s,1.553494,85417000960,20013916550,9.867712,75919702497,108022344477,1.422850,0.057080,0.003110,3536,3,324,full_run,measured_unit,0.000000
2026-05-09T03:04:02,Linux,shrinithi-Yoga-7-2-in-1-14IML9,6.14.0-37-generic,Intel(R) Core(TM) Ultra 7 155U,powersave,ext2/ext3,1,14,4,io,50,0,5,0,4,time/cycle,27.093627,6.909817,27.093627,6.909817,27.093627,6.909817,4608.813877,MB/s,2.745685,96678707200,20005147193,9.867712,71587391933,103471995067,1.445394,0.063942,0.002053,2830,3,349,full_run,measured_unit,0.000000
2026-05-09T03:04:07,Linux,shrinithi-Yoga-7-2-in-1-14IML9,6.14.0-37-generic,Intel(R) Core(TM) Ultra 7 155U,powersave,ext2/ext3,1,14,4,io,50,0,5,0,4,time/cycle,25.694709,4.295196,25.694709,4.295196,25.694709,4.295196,4859.741360,MB/s,2.603918,101963530240,20009295311,9.867712,75753611867,109108059907,1.440302,0.064656,0.002074,2937,4,397,full_run,measured_unit,0.000000
2026-05-09T03:04:12,Linux,shrinithi-Yoga-7-2-in-1-14IML9,6.14.0-37-generic,Intel(R) Core(TM) Ultra 7 155U,powersave,ext2/ext3,1,14,4,io,50,0,5,0,4,time/cycle,25.945353,4.358745,25.945353,4.358745,25.945353,4.358745,4812.820655,MB/s,2.629318,100956897280,20004900848,9.867712,74835744932,108024500665,1.443488,0.067005,0.002058,2738,6,336,full_run,measured_unit,0.000000
2026-05-09T03:04:17,Linux,shrinithi-Yoga-7-2-in-1-14IML9,6.14.0-37-generic,Intel(R) Core(TM) Ultra 7 155U,powersave,ext2/ext3,1,14,4,io,50,0,5,0,4,time/cycle,25.888872,4.267843,25.888872,4.267843,25.888872,4.267843,4823.267535,MB/s,2.623594,101208555520,20011330349,9.867712,75154624515,108289268102,1.440886,0.069135,0.002055,2743,3,312,full_run,measured_unit,0.000000
2026-05-09T03:04:22,Linux,shrinithi-Yoga-7-2-in-1-14IML9,6.14.0-37-generic,Intel(R) Core(TM) Ultra 7 155U,powersave,ext2/ext3,1,14,4,io,50,0,5,0,4,time/cycle,25.846659,4.091059,25.846659,4.091059,25.846659,4.091059,4831.152290,MB/s,2.619316,101355356160,20007649150,9.867712,75371444806,108470063932,1.439140,0.062967,0.002088,3019,5,422,full_run,measured_unit,0.000000
2026-05-09T03:04:27,Linux,shrinithi-Yoga-7-2-in-1-14IML9,6.14.0-37-generic,Intel(R) Core(TM) Ultra 7 155U,powersave,ext2/ext3,1,14,4,io,75,0,5,0,4,time/cycle,36.374864,4.970161,36.374864,4.970161,36.374864,4.970161,5150.750507,MB/s,3.686251,108046319616,20005045840,9.867712,74853788747,108656610404,1.451585,0.077786,0.001600,2823,4,403,full_run,measured_unit,0.000000
2026-05-09T03:04:32,Linux,shrinithi-Yoga-7-2-in-1-14IML9,6.14.0-37-generic,Intel(R) Core(TM) Ultra 7 155U,powersave,ext2/ext3,1,14,4,io,75,0,5,0,4,time/cycle,40.546565,5.499028,40.546565,5.499028,40.546565,5.499028,4620.775049,MB/s,4.109014,96959791104,20011375043,9.867712,67147914381,97537750124,1.452580,0.099409,0.001586,2481,6,460,full_run,measured_unit,0.000000
2026-05-09T03:04:37,Linux,shrinithi-Yoga-7-2-in-1-14IML9,6.14.0-37-generic,Intel(R) Core(TM) Ultra 7 155U,powersave,ext2/ext3,1,14,4,io,75,0,5,0,4,time/cycle,42.777798,4.074269,42.777798,4.074269,42.777798,4.074269,4379.755528,MB/s,4.335129,91889860608,20008651038,9.867712,63669340323,92446852158,1.451984,0.095004,0.001560,2400,7,461,full_run,measured_unit,0.000000
2026-05-09T03:04:42,Linux,shrinithi-Yoga-7-2-in-1-14IML9,6.14.0-37-generic,Intel(R) Core(TM) Ultra 7 155U,powersave,ext2/ext3,1,14,4,io,75,0,5,0,4,time/cycle,42.788633,4.245316,42.788633,4.245316,42.788633,4.245316,4378.658477,MB/s,4.336227,91868823552,20009082223,9.867712,63796726831,92420420487,1.448670,0.089670,0.001602,2492,6,438,full_run,measured_unit,0.000000
2026-05-09T03:04:47,Linux,shrinithi-Yoga-7-2-in-1-14IML9,6.14.0-37-generic,Intel(R) Core(TM) Ultra 7 155U,powersave,ext2/ext3,1,14,4,io,75,0,5,0,4,time/cycle,42.533040,4.074773,42.533040,4.074773,42.533040,4.074773,4404.961864,MB/s,4.310325,92415787008,20008019417,9.867712,64035485607,92976236537,1.451949,0.090205,0.001565,2444,4,381,full_run,measured_unit,0.000000
2026-05-09T03:04:52,Linux,shrinithi-Yoga-7-2-in-1-14IML9,6.14.0-37-generic,Intel(R) Core(TM) Ultra 7 155U,powersave,ext2/ext3,1,14,4,mixed,25,0,5,0,4,time/mixed-op,0.073597,0.037952,0.073597,0.037952,0.000000,0.000000,13587545.544251,mixed-op/s,3.710601,349000000,25685286490,0.019834,9541371240,9994973478,1.047541,0.676825,0.000162,2411,13,131431,full_run,measured_unit,0.000000
2026-05-09T03:04:58,Linux,shrinithi-Yoga-7-2-in-1-14IML9,6.14.0-37-generic,Intel(R) Core(TM) Ultra 7 155U,powersave,ext2/ext3,1,14,4,mixed,25,0,5,0,4,time/mixed-op,0.078288,0.041839,0.078288,0.041839,0.000000,0.000000,12773358.208138,mixed-op/s,3.947119,345000000,27009341974,0.019834,9082993629,9373841567,1.032021,0.711737,0.000174,2628,13,131428,full_run,measured_unit,0.000000
2026-05-09T03:05:04,Linux,shrinithi-Yoga-7-2-in-1-14IML9,6.14.0-37-generic,Intel(R) Core(TM) Ultra 7 155U,powersave,ext2/ext3,1,14,4,mixed,25,0,5,0,4,time/mixed-op,0.079420,0.044599,0.079420,0.044599,0.000000,0.000000,12591225.647300,mixed-op/s,4.004214,348000000,27638294297,0.019834,9358803213,9842946968,1.051731,0.712314,0.000164,2664,13,131398,full_run,measured_unit,0.000000
2026-05-09T03:05:11,Linux,shrinithi-Yoga-7-2-in-1-14IML9,6.14.0-37-generic,Intel(R) Core(TM) Ultra 7 155U,powersave,ext2/ext3,1,14,4,mixed,25,0,5,0,4,time/mixed-op,0.078389,0.043100,0.078389,0.043100,0.000000,0.000000,12756928.254736,mixed-op/s,3.952203,343000000,26887350399,0.019834,8900119501,9059030795,1.017855,0.719578,0.000172,2585,10,131436,full_run,measured_unit,0.000000
2026-05-09T03:05:17,Linux,shrinithi-Yoga-7-2-in-1-14IML9,6.14.0-37-generic,Intel(R) Core(TM) Ultra 7 155U,powersave,ext2/ext3,1,14,4,mixed,25,0,5,0,4,time/mixed-op,0.079253,0.045572,0.079253,0.045572,0.000000,0.000000,12617753.622337,mixed-op/s,3.995796,341000000,27025412780,0.019834,8733965839,8747984463,1.001605,0.711242,0.000193,2594,13,131410,full_run,measured_unit,0.000000
2026-05-09T03:05:23,Linux,shrinithi-Yoga-7-2-in-1-14IML9,6.14.0-37-generic,Intel(R) Core(TM) Ultra 7 155U,powersave,ext2/ext3,1,14,4,mixed,50,0,5,0,4,time/mixed-op,0.088291,0.059903,0.088291,0.059903,0.000000,0.000000,11326192.954124,mixed-op/s,4.451449,364000000,32137895008,0.019834,11447496477,13599485721,1.187988,0.740962,0.000171,3257,12,262486,full_run,measured_unit,0.000000
2026-05-09T03:05:30,Linux,shrinithi-Yoga-7-2-in-1-14IML9,6.14.0-37-generic,Intel(R) Core(TM) Ultra 7 155U,powersave,ext2/ext3,1,14,4,mixed,50,0,5,0,4,time/mixed-op,0.087154,0.057593,0.087154,0.057593,0.000000,0.000000,11473939.240985,mixed-op/s,4.394129,365000000,31811219524,0.019834,11564062502,13757987381,1.189719,0.712674,0.000174,3246,9,262504,full_run,measured_unit,0.000000
2026-05-09T03:05:37,Linux,shrinithi-Yoga-7-2-in-1-14IML9,6.14.0-37-generic,Intel(R) Core(TM) Ultra 7 155U,powersave,ext2/ext3,1,14,4,mixed,50,0,5,0,4,time/mixed-op,0.088534,0.060691,0.088534,0.060691,0.000000,0.000000,11295114.291132,mixed-op/s,4.463697,363000000,32137789016,0.019834,11377452692,13445550457,1.181772,0.730239,0.000178,3243,10,262507,full_run,measured_unit,0.000000
2026-05-09T03:05:43,Linux,shrinithi-Yoga-7-2-in-1-14IML9,6.14.0-37-generic,Intel(R) Core(TM) Ultra 7 155U,powersave,ext2/ext3,1,14,4,mixed,50,0,5,0,4,time/mixed-op,0.089310,0.062486,0.089310,0.062486,0.000000,0.000000,11196987.649946,mixed-op/s,4.502815,363000000,32419433811,0.019834,11362664205,13443999371,1.183173,0.747169,0.000181,3266,13,262477,full_run,measured_unit,0.000000
2026-05-09T03:05:50,Linux,shrinithi-Yoga-7-2-in-1-14IML9,6.14.0-37-generic,Intel(R) Core(TM) Ultra 7 155U,powersave,ext2/ext3,1,14,4,mixed,50,0,5,0,4,time/mixed-op,0.088501,0.060604,0.088501,0.060604,0.000000,0.000000,11299288.746409,mixed-op/s,4.462048,364000000,32214417046,0.019834,11474334695,13600872389,1.185330,0.745207,0.000188,3261,11,262481,full_run,measured_unit,0.000000
2026-05-09T03:05:57,Linux,shrinithi-Yoga-7-2-in-1-14IML9,6.14.0-37-generic,Intel(R) Core(TM) Ultra 7 155U,powersave,ext2/ext3,1,14,4,mixed,75,0,5,0,4,time/mixed-op,0.096849,0.070525,0.096849,0.070525,0.000000,0.000000,10325335.319550,mixed-op/s,4.882937,379000000,36705829716,0.019834,13603353588,17202852384,1.264604,0.751947,0.000179,3908,13,393530,full_run,measured_unit,0.000000
2026-05-09T03:06:05,Linux,shrinithi-Yoga-7-2-in-1-14IML9,6.14.0-37-generic,Intel(R) Core(TM) Ultra 7 155U,powersave,ext2/ext3,1,14,4,mixed,75,0,5,0,4,time/mixed-op,0.097331,0.072657,0.097331,0.072657,0.000000,0.000000,10274249.256963,mixed-op/s,4.907216,379000000,36888340016,0.019834,13614810927,17205617452,1.263743,0.723987,0.000194,3912,12,393556,full_run,measured_unit,0.000000
2026-05-09T03:06:12,Linux,shrinithi-Yoga-7-2-in-1-14IML9,6.14.0-37-generic,Intel(R) Core(TM) Ultra 7 155U,powersave,ext2/ext3,1,14,4,mixed,75,0,5,0,4,time/mixed-op,0.098030,0.073512,0.098030,0.073512,0.000000,0.000000,10200982.936508,mixed-op/s,4.942461,377000000,36957222882,0.019834,13422449276,16889590165,1.258309,0.754499,0.000189,3923,16,393523,full_run,measured_unit,0.000000
2026-05-09T03:06:19,Linux,shrinithi-Yoga-7-2-in-1-14IML9,6.14.0-37-generic,Intel(R) Core(TM) Ultra 7 155U,powersave,ext2/ext3,1,14,4,mixed,75,0,5,0,4,time/mixed-op,0.097329,0.071480,0.097329,0.071480,0.000000,0.000000,10274398.759674,mixed-op/s,4.907145,379000000,36887803254,0.019834,13608838020,17204046638,1.264182,0.760150,0.000193,3930,12,393554,full_run,measured_unit,0.000000
2026-05-09T03:06:27,Linux,shrinithi-Yoga-7-2-in-1-14IML9,6.14.0-37-generic,Intel(R) Core(TM) Ultra 7 155U,powersave,ext2/ext3,1,14,4,mixed,75,0,5,0,4,time/mixed-op,0.097130,0.071894,0.097130,0.071894,0.000000,0.000000,10295465.704986,mixed-op/s,4.897104,379000000,36812322129,0.019834,13575301256,17202225109,1.267171,0.759408,0.000185,3905,13,393548,full_run,measured_unit,0.000000
2026-05-09T03:06:32,Linux,shrinithi-Yoga-7-2-in-1-14IML9,6.14.0-37-generic,Intel(R) Core(TM) Ultra 7 155U,powersave,ext2/ext3,1,14,8,cpu,25,0,5,0,8,time/op,0.071573,0.008586,0.071573,0.008586,0.000000,0.000000,13971662.297487,ops/s,1.260424,144000000,10306576049,0.056785,6203916049,10027643921,1.616341,0.222471,0.000057,210,11,629,full_run,measured_unit,0.000000
2026-05-09T03:06:37,Linux,shrinithi-Yoga-7-2-in-1-14IML9,6.14.0-37-generic,Intel(R) Core(TM) Ultra 7 155U,powersave,ext2/ext3,1,14,8,cpu,25,0,5,0,8,time/op,0.071539,0.008693,0.071539,0.008693,0.000000,0.000000,13978333.957257,ops/s,1.259823,144000000,10301656867,0.056785,6206749884,10028187158,1.615691,0.224397,0.000064,203,10,655,full_run,measured_unit,0.000000
2026-05-09T03:06:42,Linux,shrinithi-Yoga-7-2-in-1-14IML9,6.14.0-37-generic,Intel(R) Core(TM) Ultra 7 155U,powersave,ext2/ext3,1,14,8,cpu,25,0,5,0,8,time/op,0.070401,0.008424,0.070401,0.008424,0.000000,0.000000,14204299.546479,ops/s,1.239781,146000000,10278577942,0.056785,6186355937,10340232455,1.671458,0.226633,0.000058,188,13,655,full_run,measured_unit,0.000000
2026-05-09T03:06:48,Linux,shrinithi-Yoga-7-2-in-1-14IML9,6.14.0-37-generic,Intel(R) Core(TM) Ultra 7 155U,powersave,ext2/ext3,1,14,8,cpu,25,0,5,0,8,time/op,0.071574,0.008543,0.071574,0.008543,0.000000,0.000000,13971577.567168,ops/s,1.260432,144000000,10306638553,0.056785,6207041709,10027392062,1.615486,0.202213,0.000060,196,9,611,full_run,measured_unit,0.000000
2026-05-09T03:06:53,Linux,shrinithi-Yoga-7-2-in-1-14IML9,6.14.0-37-generic,Intel(R) Core(TM) Ultra 7 155U,powersave,ext2/ext3,1,14,8,cpu,25,0,5,0,8,time/op,0.071638,0.008669,0.071638,0.008669,0.000000,0.000000,13958991.977909,ops/s,1.261568,144000000,10315931138,0.056785,6223186217,10028786578,1.611520,0.222578,0.000062,185,19,668,full_run,measured_unit,0.000000
2026-05-09T03:06:58,Linux,shrinithi-Yoga-7-2-in-1-14IML9,6.14.0-37-generic,Intel(R) Core(TM) Ultra 7 155U,powersave,ext2/ext3,1,14,8,cpu,50,0,5,0,8,time/op,0.070844,0.008002,0.070844,0.008002,0.000000,0.000000,14115443.393659,ops/s,1.247585,286000000,20261496010,0.056785,12020907686,19739100356,1.642064,0.173397,0.000054,361,11,621,full_run,measured_unit,0.000000
2026-05-09T03:07:03,Linux,shrinithi-Yoga-7-2-in-1-14IML9,6.14.0-37-generic,Intel(R) Core(TM) Ultra 7 155U,powersave,ext2/ext3,1,14,8,cpu,50,0,5,0,8,time/op,0.071637,0.008689,0.071637,0.008689,0.000000,0.000000,13959344.693632,ops/s,1.261536,282000000,20201521360,0.056785,12051179076,19426671544,1.612014,0.184570,0.000058,375,21,691,full_run,measured_unit,0.000000
2026-05-09T03:07:08,Linux,shrinithi-Yoga-7-2-in-1-14IML9,6.14.0-37-generic,Intel(R) Core(TM) Ultra 7 155U,powersave,ext2/ext3,1,14,8,cpu,50,0,5,0,8,time/op,0.071620,0.008677,0.071620,0.008677,0.000000,0.000000,13962585.871222,ops/s,1.261244,284000000,20340071862,0.056785,12084254931,19427377185,1.607660,0.199873,0.000056,348,15,658,full_run,measured_unit,0.000000
2026-05-09T03:07:13,Linux,shrinithi-Yoga-7-2-in-1-14IML9,6.14.0-37-generic,Intel(R) Core(TM) Ultra 7 155U,powersave,ext2/ext3,1,14,8,cpu,50,0,5,0,8,time/op,0.071812,0.008693,0.071812,0.008693,0.000000,0.000000,13925221.831698,ops/s,1.264628,280000000,20107399608,0.056785,12097017259,19427033694,1.605936,0.205092,0.000053,363,11,615,full_run,measured_unit,0.000000
2026-05-09T03:07:19,Linux,shrinithi-Yoga-7-2-in-1-14IML9,6.14.0-37-generic,Intel(R) Core(TM) Ultra 7 155U,powersave,ext2/ext3,1,14,8,cpu,50,0,5,0,8,time/op,0.071122,0.008299,0.071122,0.008299,0.000000,0.000000,14060308.488988,ops/s,1.252478,286000000,20340947727,0.056785,12097193503,19741135829,1.631877,0.199433,0.000056,366,13,628,full_run,measured_unit,0.000000
2026-05-09T03:07:24,Linux,shrinithi-Yoga-7-2-in-1-14IML9,6.14.0-37-generic,Intel(R) Core(TM) Ultra 7 155U,powersave,ext2/ext3,1,14,8,cpu,75,0,5,0,8,time/op,0.070403,0.007706,0.070403,0.007706,0.000000,0.000000,14203858.196043,ops/s,1.239820,430000000,30273464721,0.056785,18204185446,30382891057,1.669006,0.122440,0.000050,530,12,588,full_run,measured_unit,0.000000
2026-05-09T03:07:29,Linux,shrinithi-Yoga-7-2-in-1-14IML9,6.14.0-37-generic,Intel(R) Core(TM) Ultra 7 155U,powersave,ext2/ext3,1,14,8,cpu,75,0,5,0,8,time/op,0.071606,0.008713,0.071606,0.008713,0.000000,0.000000,13965366.180599,ops/s,1.260993,424000000,30360822231,0.056785,18269880047,29450152634,1.611951,0.186820,0.000054,535,9,618,full_run,measured_unit,0.000000
2026-05-09T03:07:34,Linux,shrinithi-Yoga-7-2-in-1-14IML9,6.14.0-37-generic,Intel(R) Core(TM) Ultra 7 155U,powersave,ext2/ext3,1,14,8,cpu,75,0,5,0,8,time/op,0.071560,0.008695,0.071560,0.008695,0.000000,0.000000,13974315.951348,ops/s,1.260185,424000000,30341377816,0.056785,18292047888,29451902908,1.610093,0.181379,0.000060,524,10,648,full_run,measured_unit,0.000000
2026-05-09T03:07:39,Linux,shrinithi-Yoga-7-2-in-1-14IML9,6.14.0-37-generic,Intel(R) Core(TM) Ultra 7 155U,powersave,ext2/ext3,1,14,8,cpu,75,0,5,0,8,time/op,0.070810,0.008242,0.070810,0.008242,0.000000,0.000000,14122215.042923,ops/s,1.246987,428000000,30306860411,0.056785,18235938796,30074087657,1.649166,0.151590,0.000053,528,8,629,full_run,measured_unit,0.000000
2026-05-09T03:07:44,Linux,shrinithi-Yoga-7-2-in-1-14IML9,6.14.0-37-generic,Intel(R) Core(TM) Ultra 7 155U,powersave,ext2/ext3,1,14,8,cpu,75,0,5,0,8,time/op,0.071490,0.008664,0.071490,0.008664,0.000000,0.000000,13987972.064479,ops/s,1.258955,424000000,30311756275,0.056785,18264619038,29449500775,1.612380,0.176391,0.000051,510,12,646,full_run,measured_unit,0.000000
2026-05-09T03:07:49,Linux,shrinithi-Yoga-7-2-in-1-14IML9,6.14.0-37-generic,Intel(R) Core(TM) Ultra 7 155U,powersave,ext2/ext3,1,14,8,memory,25,0,5,0,8,time/access,0.018068,0.001573,0.018068,0.001573,0.000000,0.000000,55346045.882641,access/s,1.060175,2240000000,40472629332,0.017043,24821303293,16469581615,0.663526,0.949060,0.000163,353,12,262781,full_run,measured_unit,0.000000
2026-05-09T03:07:55,Linux,shrinithi-Yoga-7-2-in-1-14IML9,6.14.0-37-generic,Intel(R) Core(TM) Ultra 7 155U,powersave,ext2/ext3,1,14,8,memory,25,0,5,0,8,time/access,0.016370,0.000839,0.016370,0.000839,0.000000,0.000000,61087370.437592,access/s,0.960534,2440000000,39942789852,0.017043,24800933177,16453829124,0.663436,0.964771,0.000188,349,9,262776,full_run,measured_unit,0.000000
2026-05-09T03:08:00,Linux,shrinithi-Yoga-7-2-in-1-14IML9,6.14.0-37-generic,Intel(R) Core(TM) Ultra 7 155U,powersave,ext2/ext3,1,14,8,memory,25,0,5,0,8,time/access,0.017538,0.001569,0.017538,0.001569,0.000000,0.000000,57019881.093431,access/s,1.029053,2280000000,39986053220,0.017043,24747036195,16461657222,0.665197,0.960349,0.000175,342,18,262795,full_run,measured_unit,0.000000
2026-05-09T03:08:05,Linux,shrinithi-Yoga-7-2-in-1-14IML9,6.14.0-37-generic,Intel(R) Core(TM) Ultra 7 155U,powersave,ext2/ext3,1,14,8,memory,25,0,5,0,8,time/access,0.016705,0.001144,0.016705,0.001144,0.000000,0.000000,59860733.036344,access/s,0.980217,2400000000,40093060647,0.017043,24731873561,16457547529,0.665439,0.973351,0.000180,373,12,262785,full_run,measured_unit,0.000000
2026-05-09T03:08:10,Linux,shrinithi-Yoga-7-2-in-1-14IML9,6.14.0-37-generic,Intel(R) Core(TM) Ultra 7 155U,powersave,ext2/ext3,1,14,8,memory,25,0,5,0,8,time/access,0.016313,0.000822,0.016313,0.000822,0.000000,0.000000,61302446.776686,access/s,0.957164,2440000000,39802652721,0.017043,24706704757,16456634949,0.666080,0.968509,0.000173,359,8,262671,full_run,measured_unit,0.000000
2026-05-09T03:08:16,Linux,shrinithi-Yoga-7-2-in-1-14IML9,6.14.0-37-generic,Intel(R) Core(TM) Ultra 7 155U,powersave,ext2/ext3,1,14,8,memory,50,0,5,0,8,time/access,0.017391,0.001569,0.017391,0.001569,0.000000,0.000000,57499725.364458,access/s,1.020466,2320000000,40348018800,0.017043,25594272275,17711537477,0.692012,0.961263,0.000197,351,13,524873,full_run,measured_unit,0.000000
2026-05-09T03:08:21,Linux,shrinithi-Yoga-7-2-in-1-14IML9,6.14.0-37-generic,Intel(R) Core(TM) Ultra 7 155U,powersave,ext2/ext3,1,14,8,memory,50,0,5,0,8,time/access,0.016291,0.000862,0.016291,0.000862,0.000000,0.000000,61384270.176958,access/s,0.955888,2480000000,40401229710,0.017043,25569923902,17708299021,0.692544,0.971756,0.000206,364,12,524931,full_run,measured_unit,0.000000
2026-05-09T03:08:26,Linux,shrinithi-Yoga-7-2-in-1-14IML9,6.14.0-37-generic,Intel(R) Core(TM) Ultra 7 155U,powersave,ext2/ext3,1,14,8,memory,50,0,5,0,8,time/access,0.017386,0.001563,0.017386,0.001563,0.000000,0.000000,57517430.536525,access/s,1.020151,2320000000,40335598763,0.017043,25633939400,17711765523,0.690950,0.960104,0.000209,352,9,524914,full_run,measured_unit,0.000000
2026-05-09T03:08:32,Linux,shrinithi-Yoga-7-2-in-1-14IML9,6.14.0-37-generic,Intel(R) Core(TM) Ultra 7 155U,powersave,ext2/ext3,1,14,8,memory,50,0,5,0,8,time/access,0.016387,0.000837,0.016387,0.000837,0.000000,0.000000,61022318.763583,access/s,0.961558,2440000000,39985370098,0.017043,25602934793,17709958485,0.691716,0.961855,0.000209,407,11,524911,full_run,measured_unit,0.000000
2026-05-09T03:08:37,Linux,shrinithi-Yoga-7-2-in-1-14IML9,6.14.0-37-generic,Intel(R) Core(TM) Ultra 7 155U,powersave,ext2/ext3,1,14,8,memory,50,0,5,0,8,time/access,0.017607,0.001552,0.017607,0.001552,0.000000,0.000000,56796512.796428,access/s,1.033100,2280000000,40143309646,0.017043,25650613265,17714414552,0.690604,0.955694,0.000218,361,10,524911,full_run,measured_unit,0.000000
2026-05-09T03:08:43,Linux,shrinithi-Yoga-7-2-in-1-14IML9,6.14.0-37-generic,Intel(R) Core(TM) Ultra 7 155U,powersave,ext2/ext3,1,14,8,memory,75,0,5,0,8,time/access,0.017093,0.001413,0.017093,0.001413,0.000000,0.000000,58502459.184139,access/s,1.002975,2360000000,40340184548,0.017043,26613363567,18967827767,0.712718,0.964077,0.000223,337,10,787028,full_run,measured_unit,0.000000
2026-05-09T03:08:49,Linux,shrinithi-Yoga-7-2-in-1-14IML9,6.14.0-37-generic,Intel(R) Core(TM) Ultra 7 155U,powersave,ext2/ext3,1,14,8,memory,75,0,5,0,8,time/access,0.017015,0.001376,0.017015,0.001376,0.000000,0.000000,58771976.274870,access/s,0.998375,2360000000,40155192144,0.017043,26536695855,18962723456,0.714585,0.960616,0.000241,375,12,787046,full_run,measured_unit,0.000000
2026-05-09T03:08:54,Linux,shrinithi-Yoga-7-2-in-1-14IML9,6.14.0-37-generic,Intel(R) Core(TM) Ultra 7 155U,powersave,ext2/ext3,1,14,8,memory,75,0,5,0,8,time/access,0.017350,0.001529,0.017350,0.001529,0.000000,0.000000,57637627.117211,access/s,1.018024,2320000000,40251483554,0.017043,26563026477,18968480772,0.714093,0.957649,0.000236,349,11,787025,full_run,measured_unit,0.000000
2026-05-09T03:09:00,Linux,shrinithi-Yoga-7-2-in-1-14IML9,6.14.0-37-generic,Intel(R) Core(TM) Ultra 7 155U,powersave,ext2/ext3,1,14,8,memory,75,0,5,0,8,time/access,0.017206,0.001475,0.017206,0.001475,0.000000,0.000000,58119935.997701,access/s,1.009576,2320000000,39917456208,0.017043,26520659384,18964283257,0.715076,0.947482,0.000251,349,12,787050,full_run,measured_unit,0.000000
2026-05-09T03:09:05,Linux,shrinithi-Yoga-7-2-in-1-14IML9,6.14.0-37-generic,Intel(R) Core(TM) Ultra 7 155U,powersave,ext2/ext3,1,14,8,memory,75,0,5,0,8,time/access,0.017655,0.001608,0.017655,0.001608,0.000000,0.000000,56642311.304967,access/s,1.035913,2280000000,40252594703,0.017043,26551955236,18964456749,0.714240,0.952292,0.000238,369,14,787055,full_run,measured_unit,0.000000
2026-05-09T03:09:10,Linux,shrinithi-Yoga-7-2-in-1-14IML9,6.14.0-37-generic,Intel(R) Core(TM) Ultra 7 155U,powersave,ext2/ext3,1,14,8,io,25,0,5,0,8,time/cycle,28.854502,13.549141,28.854502,13.549141,28.854502,13.549141,2162.318769,MB/s,2.924133,90764738560,40031100526,9.867712,51812209937,71006756835,1.370464,0.056486,0.003156,5306,8,680,full_run,measured_unit,0.000000
2026-05-09T03:09:15,Linux,shrinithi-Yoga-7-2-in-1-14IML9,6.14.0-37-generic,Intel(R) Core(TM) Ultra 7 155U,powersave,ext2/ext3,1,14,8,io,25,0,5,0,8,time/cycle,26.265912,11.541283,26.265912,11.541283,26.265912,11.541283,2375.499487,MB/s,2.661804,99698606080,40025266478,9.867712,60375775873,82216440831,1.361745,0.055659,0.003189,5731,9,686,full_run,measured_unit,0.000000
2026-05-09T03:09:20,Linux,shrinithi-Yoga-7-2-in-1-14IML9,6.14.0-37-generic,Intel(R) Core(TM) Ultra 7 155U,powersave,ext2/ext3,1,14,8,io,25,0,5,0,8,time/cycle,25.520013,10.946116,25.520013,10.946116,25.520013,10.946116,2444.958770,MB/s,2.586214,102655590400,40041575024,9.867712,63474972399,85746714867,1.350874,0.055087,0.003226,5970,12,700,full_run,measured_unit,0.000000
2026-05-09T03:09:25,Linux,shrinithi-Yoga-7-2-in-1-14IML9,6.14.0-37-generic,Intel(R) Core(TM) Ultra 7 155U,powersave,ext2/ext3,1,14,8,io,25,0,5,0,8,time/cycle,27.047096,10.846911,27.047096,10.846911,27.047096,10.846911,2306.919373,MB/s,2.740969,96825507840,40027406707,9.867712,57469740742,78675846881,1.368996,0.053597,0.003189,5988,11,712,full_run,measured_unit,0.000000
2026-05-09T03:09:30,Linux,shrinithi-Yoga-7-2-in-1-14IML9,6.14.0-37-generic,Intel(R) Core(TM) Ultra 7 155U,powersave,ext2/ext3,1,14,8,io,25,0,5,0,8,time/cycle,28.806036,10.617904,28.806036,10.617904,28.806036,10.617904,2165.981054,MB/s,2.919222,90932510720,40037284656,9.867712,51686127852,71276112989,1.379018,0.057602,0.003178,5775,12,679,full_run,measured_unit,0.000000
2026-05-09T03:09:35,Linux,shrinithi-Yoga-7-2-in-1-14IML9,6.14.0-37-generic,Intel(R) Core(TM) Ultra 7 155U,powersave,ext2/ext3,1,14,8,io,50,0,5,0,8,time/cycle,46.479920,15.451013,46.479920,15.451013,46.479920,15.451013,2686.520963,MB/s,4.710304,112742891520,40022021592,9.867712,53110870183,74583932347,1.404306,0.057740,0.002086,4125,12,735,full_run,measured_unit,0.000000
2026-05-09T03:09:41,Linux,shrinithi-Yoga-7-2-in-1-14IML9,6.14.0-37-generic,Intel(R) Core(TM) Ultra 7 155U,powersave,ext2/ext3,1,14,8,io,50,0,5,0,8,time/cycle,45.083992,13.796280,45.083992,13.796280,45.083992,13.796280,2769.640792,MB/s,4.568840,116266106880,40034072399,9.867712,55357189538,77904010908,1.407297,0.058270,0.002059,4336,10,731,full_run,measured_unit,0.000000
2026-05-09T03:09:46,Linux,shrinithi-Yoga-7-2-in-1-14IML9,6.14.0-37-generic,Intel(R) Core(TM) Ultra 7 155U,powersave,ext2/ext3,1,14,8,io,50,0,5,0,8,time/cycle,45.550612,14.451704,45.550612,14.451704,45.550612,14.451704,2741.325364,MB/s,4.616127,115070730240,40031731165,9.867712,54550210508,76777480517,1.407464,0.060890,0.002078,4291,9,751,full_run,measured_unit,0.000000
2026-05-09T03:09:51,Linux,shrinithi-Yoga-7-2-in-1-14IML9,6.14.0-37-generic,Intel(R) Core(TM) Ultra 7 155U,powersave,ext2/ext3,1,14,8,io,50,0,5,0,8,time/cycle,45.019734,13.627993,45.019734,13.627993,45.019734,13.627993,2773.603164,MB/s,4.562328,116433879040,40034566392,9.867712,55338633770,78032400350,1.410089,0.058330,0.002094,4337,15,822,full_run,measured_unit,0.000000
2026-05-09T03:09:56,Linux,shrinithi-Yoga-7-2-in-1-14IML9,6.14.0-37-generic,Intel(R) Core(TM) Ultra 7 155U,powersave,ext2/ext3,1,14,8,io,50,0,5,0,8,time/cycle,44.818220,13.703455,44.818220,13.703455,44.818220,13.703455,2786.103272,MB/s,4.541906,116916224000,40020052781,9.867712,55755241689,78486652771,1.407700,0.059314,0.002124,4393,14,808,full_run,measured_unit,0.000000
2026-05-09T03:10:01,Linux,shrinithi-Yoga-7-2-in-1-14IML9,6.14.0-37-generic,Intel(R) Core(TM) Ultra 7 155U,powersave,ext2/ext3,1,14,8,io,75,0,5,0,8,time/cycle,62.483500,19.124608,62.483500,19.124608,62.483500,19.124608,2998.471157,MB/s,6.332117,125822631936,40018331418,9.867712,55557160129,78907990583,1.420303,0.066393,0.001597,3002,9,774,full_run,measured_unit,0.000000
2026-05-09T03:10:06,Linux,shrinithi-Yoga-7-2-in-1-14IML9,6.14.0-37-generic,Intel(R) Core(TM) Ultra 7 155U,powersave,ext2/ext3,1,14,8,io,75,0,5,0,8,time/cycle,62.190028,17.926078,62.190028,17.926078,62.190028,17.926078,3012.613931,MB/s,6.302376,126411669504,40016930571,9.867712,55804735097,79310322383,1.421211,0.071984,0.001603,2882,13,857,full_run,measured_unit,0.000000
2026-05-09T03:10:11,Linux,shrinithi-Yoga-7-2-in-1-14IML9,6.14.0-37-generic,Intel(R) Core(TM) Ultra 7 155U,powersave,ext2/ext3,1,14,8,io,75,0,5,0,8,time/cycle,61.141706,17.246931,61.141706,17.246931,61.141706,17.246931,3064.305759,MB/s,6.196138,128578486272,40016241734,9.867712,57244740812,81340535882,1.420926,0.073714,0.001633,3075,10,826,full_run,measured_unit,0.000000
2026-05-09T03:10:16,Linux,shrinithi-Yoga-7-2-in-1-14IML9,6.14.0-37-generic,Intel(R) Core(TM) Ultra 7 155U,powersave,ext2/ext3,1,14,8,io,75,0,5,0,8,time/cycle,61.310827,17.699667,61.310827,17.699667,61.310827,17.699667,3055.824386,MB/s,6.213277,128262930432,40028825962,9.867712,57353516802,81656341513,1.423737,0.074170,0.001592,3128,14,878,full_run,measured_unit,0.000000
2026-05-09T03:10:21,Linux,shrinithi-Yoga-7-2-in-1-14IML9,6.14.0-37-generic,Intel(R) Core(TM) Ultra 7 155U,powersave,ext2/ext3,1,14,8,io,75,0,5,0,8,time/cycle,62.696724,18.905536,62.696724,18.905536,62.696724,18.905536,2988.290410,MB/s,6.353725,125443964928,40033822384,9.867712,55163040082,78379762574,1.420875,0.071519,0.001636,2901,13,818,full_run,measured_unit,0.000000
2026-05-09T03:10:27,Linux,shrinithi-Yoga-7-2-in-1-14IML9,6.14.0-37-generic,Intel(R) Core(TM) Ultra 7 155U,powersave,ext2/ext3,1,14,8,mixed,25,0,5,0,8,time/mixed-op,0.156157,0.089539,0.156157,0.089539,0.000000,0.000000,6403792.055645,mixed-op/s,7.873142,346000000,54030486467,0.019834,9948478878,10780328190,1.083616,0.709819,0.000228,2714,40,262914,full_run,measured_unit,0.000000
2026-05-09T03:10:34,Linux,shrinithi-Yoga-7-2-in-1-14IML9,6.14.0-37-generic,Intel(R) Core(TM) Ultra 7 155U,powersave,ext2/ext3,1,14,8,mixed,25,0,5,0,8,time/mixed-op,0.161670,0.096370,0.161670,0.096370,0.000000,0.000000,6185425.415192,mixed-op/s,8.151091,346000000,55937947154,0.019834,9851267705,10783270217,1.094607,0.712367,0.000213,2931,30,262885,full_run,measured_unit,0.000000
2026-05-09T03:10:40,Linux,shrinithi-Yoga-7-2-in-1-14IML9,6.14.0-37-generic,Intel(R) Core(TM) Ultra 7 155U,powersave,ext2/ext3,1,14,8,mixed,25,0,5,0,8,time/mixed-op,0.164339,0.101651,0.164339,0.101651,0.000000,0.000000,6084972.674623,mixed-op/s,8.285652,345000000,56697050003,0.019834,9757213422,10625868394,1.089027,0.745344,0.000213,2925,28,262850,full_run,measured_unit,0.000000
2026-05-09T03:10:47,Linux,shrinithi-Yoga-7-2-in-1-14IML9,6.14.0-37-generic,Intel(R) Core(TM) Ultra 7 155U,powersave,ext2/ext3,1,14,8,mixed,25,0,5,0,8,time/mixed-op,0.162212,0.097300,0.162212,0.097300,0.000000,0.000000,6164768.951222,mixed-op/s,8.178403,347000000,56287592081,0.019834,9939923443,10937622518,1.100373,0.735948,0.000220,2915,30,262882,full_run,measured_unit,0.000000
2026-05-09T03:10:54,Linux,shrinithi-Yoga-7-2-in-1-14IML9,6.14.0-37-generic,Intel(R) Core(TM) Ultra 7 155U,powersave,ext2/ext3,1,14,8,mixed,25,0,5,0,8,time/mixed-op,0.164226,0.100858,0.164226,0.100858,0.000000,0.000000,6089167.942242,mixed-op/s,8.279943,345000000,56657987310,0.019834,9776942837,10626068162,1.086850,0.738432,0.000232,2935,34,262876,full_run,measured_unit,0.000000
2026-05-09T03:11:02,Linux,shrinithi-Yoga-7-2-in-1-14IML9,6.14.0-37-generic,Intel(R) Core(TM) Ultra 7 155U,powersave,ext2/ext3,1,14,8,mixed,50,0,5,0,8,time/mixed-op,0.180772,0.126453,0.180772,0.126453,0.000000,0.000000,5531821.924332,mixed-op/s,9.114170,361000000,65258789046,0.019834,12548512937,15638415872,1.246237,0.750628,0.000236,3710,31,524975,full_run,measured_unit,0.000000
2026-05-09T03:11:10,Linux,shrinithi-Yoga-7-2-in-1-14IML9,6.14.0-37-generic,Intel(R) Core(TM) Ultra 7 155U,powersave,ext2/ext3,1,14,8,mixed,50,0,5,0,8,time/mixed-op,0.181309,0.128469,0.181309,0.128469,0.000000,0.000000,5515431.686780,mixed-op/s,9.141255,361000000,65452718935,0.019834,12504576999,15636585518,1.250469,0.767190,0.000239,3703,31,525021,full_run,measured_unit,0.000000
2026-05-09T03:11:17,Linux,shrinithi-Yoga-7-2-in-1-14IML9,6.14.0-37-generic,Intel(R) Core(TM) Ultra 7 155U,powersave,ext2/ext3,1,14,8,mixed,50,0,5,0,8,time/mixed-op,0.180089,0.128040,0.180089,0.128040,0.000000,0.000000,5552803.806690,mixed-op/s,9.079731,363000000,65372379907,0.019834,12696477811,15951519026,1.256374,0.751023,0.000228,3698,29,525050,full_run,measured_unit,0.000000
2026-05-09T03:11:25,Linux,shrinithi-Yoga-7-2-in-1-14IML9,6.14.0-37-generic,Intel(R) Core(TM) Ultra 7 155U,powersave,ext2/ext3,1,14,8,mixed,50,0,5,0,8,time/mixed-op,0.179899,0.127993,0.179899,0.127993,0.000000,0.000000,5558664.092890,mixed-op/s,9.070159,363000000,65303460316,0.019834,12730834748,15951594228,1.252989,0.738693,0.000232,3709,34,525044,full_run,measured_unit,0.000000
2026-05-09T03:11:33,Linux,shrinithi-Yoga-7-2-in-1-14IML9,6.14.0-37-generic,Intel(R) Core(TM) Ultra 7 155U,powersave,ext2/ext3,1,14,8,mixed,50,0,5,0,8,time/mixed-op,0.179882,0.127597,0.179882,0.127597,0.000000,0.000000,5559193.113959,mixed-op/s,9.069295,364000000,65477128162,0.019834,12813620535,16108733001,1.257157,0.736603,0.000247,3727,39,525040,full_run,measured_unit,0.000000
2026-05-09T03:11:42,Linux,shrinithi-Yoga-7-2-in-1-14IML9,6.14.0-37-generic,Intel(R) Core(TM) Ultra 7 155U,powersave,ext2/ext3,1,14,8,mixed,75,0,5,0,8,time/mixed-op,0.192355,0.136508,0.192355,0.136508,0.000000,0.000000,5198720.427306,mixed-op/s,9.698149,388000000,74633749867,0.019834,16599596695,22366528324,1.347414,0.748632,0.000243,4608,30,787179,full_run,measured_unit,0.000000
2026-05-09T03:11:51,Linux,shrinithi-Yoga-7-2-in-1-14IML9,6.14.0-37-generic,Intel(R) Core(TM) Ultra 7 155U,powersave,ext2/ext3,1,14,8,mixed,75,0,5,0,8,time/mixed-op,0.192723,0.133092,0.192723,0.133092,0.000000,0.000000,5188782.332611,mixed-op/s,9.716724,389000000,74969419618,0.019834,16703136378,22525983084,1.348608,0.766565,0.000233,4639,33,787183,full_run,measured_unit,0.000000
2026-05-09T03:12:00,Linux,shrinithi-Yoga-7-2-in-1-14IML9,6.14.0-37-generic,Intel(R) Core(TM) Ultra 7 155U,powersave,ext2/ext3,1,14,8,mixed,75,0,5,0,8,time/mixed-op,0.183633,0.132772,0.183633,0.132772,0.000000,0.000000,5445651.608999,mixed-op/s,9.258390,398000000,73085835925,0.019834,17596417201,23928324076,1.359841,0.696878,0.000222,4566,32,787149,full_run,measured_unit,0.000000
2026-05-09T03:12:09,Linux,shrinithi-Yoga-7-2-in-1-14IML9,6.14.0-37-generic,Intel(R) Core(TM) Ultra 7 155U,powersave,ext2/ext3,1,14,8,mixed,75,0,5,0,8,time/mixed-op,0.184444,0.124219,0.184444,0.124219,0.000000,0.000000,5421687.168054,mixed-op/s,9.299313,392000000,72302216607,0.019834,17058745741,22993046710,1.347874,0.755292,0.000230,4566,31,787183,full_run,measured_unit,0.000000
2026-05-09T03:12:18,Linux,shrinithi-Yoga-7-2-in-1-14IML9,6.14.0-37-generic,Intel(R) Core(TM) Ultra 7 155U,powersave,ext2/ext3,1,14,8,mixed,75,0,5,0,8,time/mixed-op,0.188016,0.132404,0.188016,0.132404,0.000000,0.000000,5318685.473956,mixed-op/s,9.479403,390000000,73326388994,0.019834,16817196011,22680055308,1.348623,0.749457,0.000255,4534,30,787153,full_run,measured_unit,0.000000
